Ldist,Rdist,Left,Right,Label
4,3,0,0,0
4,3,0,0,0
5,4,0,0,0
4,4,0,0,0
4,4,0,0,0
5,4,0,0,0
4,4,0,0,0
5,4,0,0,0
5,4,0,0,0
,,,,0
4,3,0,0,0
4,3,0,0,0
4,3,0,0,0
5,4,0,0,0
4,4,0,0,0
4,4,0,0,0
5,4,0,0,0
4,4,0,0,0
5,4,0,0,0
5,4,0,0,0
5,10,0,1,0
5,13,0,1,0
4,12,0,1,0
5,8,0,1,0
5,4,0,0,0
13,4,1,0,0
16,4,1,0,0
13,4,1,0,0
3,5,0,0,0
4,7,0,1,0
3,12,0,1,0
4,12,0,1,0
4,5,0,0,0
5,4,0,0,0
9,4,1,0,0
10,4,1,0,0
9,4,1,0,0
5,5,0,0,0
4,9,0,1,0
3,10,0,1,0
4,7,0,1,0
3,4,0,0,0
13,3,1,0,0
16,4,1,0,0
7,4,1,0,0
6,7,0,1,0
4,18,0,1,0
4,13,0,1,0
4,6,0,0,0
10,4,1,0,0
16,4,1,0,0
6,5,0,0,0
4,7,0,1,0
4,6,0,0,0
4,20,0,1,0
3,7,0,1,0
4,4,0,0,0
0,4,0,0,0
10,4,1,0,0
7,4,1,0,0
4,5,0,0,0
3,17,0,1,0
4,7,0,1,0
3,4,0,0,0
9,4,1,0,0
13,4,1,0,0
6,4,0,0,0
4,7,0,1,0
3,0,0,0,0
3,6,0,0,0
6,4,0,0,0
17,4,1,0,0
10,5,1,0,0
6,6,0,0,0
3,26,0,1,0
4,12,0,1,0
4,6,0,0,0
6,4,0,0,0
0,4,0,0,0
6,4,0,0,0
4,6,0,0,0
4,16,0,1,0
4,6,0,0,0
6,4,0,0,0
19,4,1,0,0
6,4,0,0,0
4,5,0,0,0
4,20,0,1,0
3,7,0,1,0
6,4,0,0,0
0,4,0,0,0
7,4,1,0,0
7,5,1,0,0
3,15,0,1,0
4,14,0,1,0
3,5,0,0,0
11,3,1,0,0
6,4,0,0,0
6,4,0,0,0
4,6,0,0,0
3,0,0,0,0
4,6,0,0,0
4,5,0,0,0
10,4,1,0,0
9,4,1,0,0
6,4,0,0,0
4,9,0,1,0
4,21,0,1,0
4,6,0,0,0
6,4,0,0,0
9,4,1,0,0
6,4,0,0,0
6,5,0,0,0
5,11,0,1,0
4,14,0,1,0
4,5,0,0,0
5,4,0,0,0
12,4,1,0,0
5,4,0,0,0
4,9,0,1,0
4,8,0,1,0
4,4,0,0,0
12,4,1,0,0
4,4,0,0,0
4,5,0,0,0
4,13,0,1,0
4,5,0,0,0
5,4,0,0,0
11,4,1,0,0
5,4,0,0,0
4,10,0,1,0
3,8,0,1,0
4,4,0,0,0
15,4,1,0,0
4,4,0,0,0
4,9,0,1,0
4,12,0,1,0
4,5,0,0,0
8,4,1,0,0
5,4,0,0,0
4,5,0,0,0
4,17,0,1,0
4,6,0,0,0
9,4,1,0,0
8,4,1,0,0
6,5,0,0,0
5,6,0,0,0
4,0,0,0,0
3,7,0,1,0
3,5,0,0,0
7,3,1,0,0
5,3,0,0,0
6,4,0,0,0
5,11,0,1,0
4,9,0,1,0
4,4,0,0,0
11,4,1,0,0
5,4,0,0,0
5,5,0,0,0
4,17,0,1,0
4,6,0,0,0
81,4,1,0,0
12,4,1,0,0
7,4,1,0,0
5,4,0,0,0
4,10,0,1,0
4,9,0,1,0
4,4,0,0,0
8,4,1,0,0
7,4,1,0,0
5,6,0,0,0
4,15,0,1,0
4,10,0,1,0
4,6,0,0,0
12,4,1,0,0
12,4,1,0,0
7,4,1,0,0
6,6,0,0,0
3,13,0,1,0
3,14,0,1,0
4,7,0,1,0
4,4,0,0,0
16,4,1,0,0
12,4,1,0,0
6,4,0,0,0
4,11,0,1,0
4,16,0,1,0
3,6,0,0,0
6,4,0,0,0
0,4,0,0,0
9,4,1,0,0
4,6,0,0,0
3,161,0,1,0
4,7,0,1,0
4,3,0,0,0
15,4,1,0,0
13,4,1,0,0
5,4,0,0,0
3,10,0,1,0
4,13,0,1,0
3,5,0,0,0
0,4,0,0,0
15,4,1,0,0
7,4,1,0,0
4,10,0,1,0
4,14,0,1,0
4,6,0,0,0
6,3,0,0,0
14,4,1,0,0
6,3,0,0,0
5,7,0,1,0
4,13,0,1,0
4,5,0,0,0
0,4,0,0,0
12,4,1,0,0
5,5,0,0,0
4,17,0,1,0
4,7,0,1,0
4,5,0,0,0
13,4,1,0,0
12,5,1,0,0
6,6,0,0,0
3,0,0,0,0
4,7,0,1,0
5,4,0,0,0
0,4,0,0,0
5,5,0,0,0
4,12,0,1,0
4,6,0,0,0
4,4,0,0,0
10,4,1,0,0
5,4,0,0,0
4,13,0,1,0
3,5,0,0,0
4,4,0,0,0
0,4,0,0,0
7,4,1,0,0
4,6,0,0,0
4,14,0,1,0
4,5,0,0,0
0,4,0,0,0
12,4,1,0,0
5,6,0,0,0
4,0,0,0,0
3,6,0,0,0
5,4,0,0,0
19,4,1,0,0
8,4,1,0,0
4,7,0,1,0
4,20,0,1,0
4,9,0,1,0
5,6,0,0,0
91,4,1,0,0
16,4,1,0,0
9,6,1,0,0
4,12,0,1,0
3,21,0,1,0
4,6,0,0,0
7,4,1,0,0
0,4,0,0,0
11,4,1,0,0
6,6,0,0,0
4,55,0,1,0
3,12,0,1,0
4,5,0,0,0
10,4,1,0,0
20,4,1,0,0
8,5,1,0,0
4,9,0,1,0
4,24,0,1,0
4,10,0,1,0
4,6,0,0,0
0,4,0,0,0
13,3,1,0,0
6,4,0,0,0
5,10,0,1,0
3,14,0,1,0
4,7,0,1,0
4,4,0,0,0
0,4,0,0,0
10,4,1,0,0
4,5,0,0,0
4,14,0,1,0
3,13,0,1,0
4,7,0,1,0
7,4,1,0,0
15,4,1,0,0
7,4,1,0,0
4,4,0,0,0
4,6,0,0,0
3,15,0,1,0
3,8,0,1,0
5,4,0,0,0
13,4,1,0,0
5,4,0,0,0
4,6,0,0,0
4,13,0,1,0
4,8,0,1,0
4,4,0,0,0
6,4,0,0,0
8,4,1,0,0
10,4,1,0,0
6,4,0,0,0
4,6,0,0,0
3,12,0,1,0
3,7,0,1,0
7,4,1,0,0
18,4,1,0,0
8,5,1,0,0
7,5,1,0,0
5,12,0,1,0
4,13,0,1,0
4,6,0,0,0
4,4,0,0,0
13,4,1,0,0
16,4,1,0,0
8,4,1,0,0
4,6,0,0,0
4,14,0,1,0
3,7,0,1,0
4,4,0,0,0
10,4,1,0,0
13,3,1,0,0
5,4,0,0,0
3,8,0,1,0
4,9,0,1,0
4,4,0,0,0
5,4,0,0,0
8,4,1,0,0
11,5,1,0,0
6,5,0,0,0
4,5,0,0,0
4,9,0,1,0
5,4,0,0,0
5,4,0,0,0
10,4,1,0,0
5,4,0,0,0
4,6,0,0,0
4,7,0,1,0
4,9,0,1,0
4,5,0,0,0
7,4,1,0,0
10,4,1,0,0
5,4,0,0,0
4,6,0,0,0
4,11,0,1,0
4,10,0,1,0
4,4,0,0,0
5,4,0,0,0
13,4,1,0,0
13,4,1,0,0
12,4,1,0,0
4,4,0,0,0
4,4,0,0,0
4,9,0,1,0
3,8,0,1,0
4,5,0,0,0
4,4,0,0,0
112,4,1,0,0
18,4,1,0,0
11,4,1,0,0
4,5,0,0,0
4,11,0,1,0
3,13,0,1,0
4,7,0,1,0
4,4,0,0,0
12,4,1,0,0
51,4,1,0,0
12,4,1,0,0
6,4,0,0,0
4,5,0,0,0
4,14,0,1,0
4,12,0,1,0
4,6,0,0,0
4,4,0,0,0
21,4,1,0,0
19,4,1,0,0
7,4,1,0,0
4,7,0,1,0
3,16,0,1,0
4,7,0,1,0
3,4,0,0,0
14,4,1,0,0
22,4,1,0,0
6,4,0,0,0
4,6,0,0,0
3,16,0,1,0
4,7,0,1,0
3,4,0,0,0
14,3,1,0,0
10,4,1,0,0
5,4,0,0,0
4,12,0,1,0
4,11,0,1,0
3,5,0,0,0
7,4,1,0,0
18,4,1,0,0
7,4,1,0,0
4,6,0,0,0
4,19,0,1,0
3,8,0,1,0
3,5,0,0,0
14,4,1,0,0
17,4,1,0,0
11,4,1,0,0
5,6,0,0,0
4,18,0,1,0
4,15,0,1,0
4,7,0,1,0
5,4,0,0,0
13,3,1,0,0
25,4,1,0,0
23,4,1,0,0
10,4,1,0,0
4,4,0,0,0
3,7,0,1,0
4,9,0,1,0
5,6,0,0,0
6,4,0,0,0
28,4,1,0,0
10,4,1,0,0
13,4,1,0,0
4,6,0,0,0
4,21,0,1,0
4,9,0,1,0
4,4,0,0,0
9,4,1,0,0
18,4,1,0,0
10,4,1,0,0
4,4,0,0,0
4,8,0,1,0
4,15,0,1,0
4,10,0,1,0
5,4,0,0,0
9,4,1,0,0
21,4,1,0,0
8,3,1,0,0
9,4,1,0,0
4,6,0,0,0
4,9,0,1,0
4,5,0,0,0
9,4,1,0,0
13,4,1,0,0
10,4,1,0,0
4,7,0,1,0
4,19,0,1,0
4,13,0,1,0
4,8,0,1,0
18,4,1,0,0
19,4,1,0,0
17,3,1,0,0
10,5,1,0,0
5,8,0,1,0
4,20,0,1,0
4,8,0,1,0
3,4,0,0,0
0,4,0,0,0
15,3,1,0,0
8,4,1,0,0
4,8,0,1,0
4,22,0,1,0
3,12,0,1,0
3,6,0,0,0
6,4,0,0,0
21,4,1,0,0
17,4,1,0,0
7,4,1,0,0
4,12,0,1,0
4,19,0,1,0
4,7,0,1,0
6,4,0,0,0
0,4,0,0,0
16,3,1,0,0
8,3,1,0,0
4,7,0,1,0
3,21,0,1,0
3,8,0,1,0
4,4,0,0,0
0,4,0,0,0
25,4,1,0,0
6,5,0,0,0
5,12,0,1,0
4,27,0,1,0
4,6,0,0,0
8,4,1,0,0
26,4,1,0,0
14,4,1,0,0
6,4,0,0,0
4,8,0,1,0
4,21,0,1,0
4,9,0,1,0
3,5,0,0,0
20,4,1,0,0
20,4,1,0,0
16,4,1,0,0
10,5,1,0,0
4,10,0,1,0
3,25,0,1,0
4,10,0,1,0
3,5,0,0,0
20,3,1,0,0
19,4,1,0,0
11,3,1,0,0
5,6,0,0,0
4,35,0,1,0
4,21,0,1,0
3,5,0,0,0
12,4,1,0,0
29,3,1,0,0
13,4,1,0,0
10,5,1,0,0
4,12,0,1,0
3,146,0,1,0
3,11,0,1,0
3,5,0,0,0
14,4,1,0,0
0,4,0,0,0
13,4,1,0,0
6,6,0,0,0
4,16,0,1,0
4,24,0,1,0
3,7,0,1,0
3,4,0,0,0
0,4,0,0,0
24,4,1,0,0
12,4,1,0,0
4,5,0,0,0
4,16,0,1,0
3,23,0,1,0
3,6,0,0,0
7,4,1,0,0
32,4,1,0,0
14,4,1,0,0
6,6,0,0,0
4,144,0,1,0
4,15,0,1,0
4,5,0,0,0
0,4,0,0,0
26,4,1,0,0
12,5,1,0,0
7,7,1,1,0
4,32,0,1,0
4,21,0,1,0
4,9,0,1,0
20,6,1,0,0
75,4,1,0,0
22,4,1,0,0
13,6,1,0,0
5,10,0,1,0
3,0,0,0,0
3,21,0,1,0
6,6,0,0,0
44,4,1,0,0
0,4,0,0,0
13,4,1,0,0
7,6,1,0,0
4,12,0,1,0
4,0,0,0,0
4,8,0,1,0
6,5,0,0,0
100,4,1,0,0
23,4,1,0,0
13,4,1,0,0
5,7,0,1,0
3,118,0,1,0
3,17,0,1,0
4,8,0,1,0
10,4,1,0,0
27,4,1,0,0
15,4,1,0,0
10,5,1,0,0
5,12,0,1,0
4,154,0,1,0
3,10,0,1,0
5,5,0,0,0
0,4,0,0,0
20,4,1,0,0
10,4,1,0,0
5,7,0,1,0
3,0,0,0,0
3,15,0,1,0
3,7,0,1,0
5,4,0,0,0
78,3,1,0,0
21,4,1,0,0
8,6,1,0,0
3,10,0,1,0
4,101,0,1,0
3,14,0,1,0
3,7,0,1,0
11,4,1,0,0
85,3,1,0,0
14,4,1,0,0
5,5,0,0,0
4,12,0,1,0
4,17,0,1,0
4,7,0,1,0
3,4,0,0,0
96,4,1,0,0
18,4,1,0,0
8,5,1,0,0
4,11,0,1,0
4,20,0,1,0
4,8,0,1,0
4,6,0,0,0
16,4,1,0,0
0,4,0,0,0
7,4,1,0,0
4,8,0,1,0
4,20,0,1,0
3,7,0,1,0
4,4,0,0,0
0,4,0,0,0
16,3,1,0,0
7,5,1,0,0
4,9,0,1,0
4,20,0,1,0
4,14,0,1,0
4,6,0,0,0
8,4,1,0,0
95,3,1,0,0
9,4,1,0,0
4,7,0,1,0
4,22,0,1,0
3,12,0,1,0
4,4,0,0,0
10,4,1,0,0
21,4,1,0,0
9,4,1,0,0
5,4,0,0,0
4,7,0,1,0
3,11,0,1,0
3,5,0,0,0
4,4,0,0,0
19,4,1,0,0
8,4,1,0,0
4,5,0,0,0
4,17,0,1,0
4,12,0,1,0
3,6,0,0,0
10,4,1,0,0
0,4,0,0,0
7,4,1,0,0
4,6,0,0,0
4,0,0,0,0
4,10,0,1,0
5,5,0,0,0
0,4,0,0,0
12,4,1,0,0
7,5,1,0,0
4,16,0,1,0
4,15,0,1,0
3,6,0,0,0
7,4,1,0,0
0,4,0,0,0
11,5,1,0,0
5,7,0,1,0
4,169,0,1,0
4,13,0,1,0
4,7,0,1,0
11,4,1,0,0
0,4,0,0,0
12,4,1,0,0
6,5,0,0,0
4,15,0,1,0
4,18,0,1,0
4,7,0,1,0
3,3,0,0,0
16,4,1,0,0
14,4,1,0,0
10,4,1,0,0
3,5,0,0,0
4,13,0,1,0
3,12,0,1,0
4,5,0,0,0
0,4,0,0,0
21,4,1,0,0
8,4,1,0,0
4,7,0,1,0
3,22,0,1,0
3,12,0,1,0
4,5,0,0,0
8,4,1,0,0
12,3,1,0,0
16,4,1,0,0
10,4,1,0,0
5,4,0,0,0
4,7,0,1,0
5,7,0,1,0
4,4,0,0,0
7,4,1,0,0
14,4,1,0,0
10,4,1,0,0
5,3,0,0,0
3,6,0,0,0
3,16,0,1,0
4,7,0,1,0
4,5,0,0,0
0,4,0,0,0
23,3,1,0,0
11,4,1,0,0
5,5,0,0,0
4,11,0,1,0
4,20,0,1,0
4,7,0,1,0
4,4,0,0,0
17,4,1,0,0
16,4,1,0,0
8,5,1,0,0
4,7,0,1,0
4,21,0,1,0
4,8,0,1,0
4,4,0,0,0
20,4,1,0,0
18,4,1,0,0
7,4,1,0,0
4,11,0,1,0
3,15,0,1,0
4,7,0,1,0
3,4,0,0,0
0,4,0,0,0
17,4,1,0,0
12,4,1,0,0
12,6,1,0,0
9,10,1,1,0
5,50,0,1,0
4,19,0,1,0
4,7,0,1,0
5,4,0,0,0
0,4,0,0,0
12,4,1,0,0
9,5,1,0,0
9,8,1,1,0
3,0,0,0,0
3,20,0,1,0
4,7,0,1,0
9,5,1,0,0
87,4,1,0,0
14,4,1,0,0
9,6,1,0,0
4,10,0,1,0
4,43,0,1,0
4,13,0,1,0
4,8,0,1,0
14,4,1,0,0
0,4,0,0,0
10,4,1,0,0
6,6,0,0,0
4,14,0,1,0
3,25,0,1,0
3,7,0,1,0
6,5,0,0,0
0,4,0,0,0
14,4,1,0,0
9,5,1,0,0
4,10,0,1,0
4,23,0,1,0
3,10,0,1,0
4,22,0,1,0
8,4,1,0,0
8,3,1,0,0
9,4,1,0,0
4,6,0,0,0
4,19,0,1,0
4,12,0,1,0
4,7,0,1,0
6,4,0,0,0
27,4,1,0,0
14,4,1,0,0
5,7,0,1,0
4,50,0,1,0
4,13,0,1,0
4,7,0,1,0
8,4,1,0,0
23,4,1,0,0
15,5,1,0,0
13,8,1,1,0
4,128,0,1,0
4,123,0,1,0
3,7,0,1,0
5,4,0,0,0
0,4,0,0,0
13,5,1,0,0
8,6,1,0,0
4,33,0,1,0
4,21,0,1,0
4,6,0,0,0
9,4,1,0,0
167,4,1,0,0
8,4,1,0,0
4,7,0,1,0
4,89,0,1,0
4,11,0,1,0
3,5,0,0,0
0,4,0,0,0
16,4,1,0,0
8,5,1,0,0
4,10,0,1,0
4,24,0,1,0
3,7,0,1,0
4,4,0,0,0
85,3,1,0,0
19,4,1,0,0
6,6,0,0,0
4,18,0,1,0
4,15,0,1,0
3,9,0,1,0
8,4,1,0,0
25,4,1,0,0
9,4,1,0,0
4,7,0,1,0
4,25,0,1,0
4,9,0,1,0
3,5,0,0,0
0,4,0,0,0
15,4,1,0,0
6,5,0,0,0
3,14,0,1,0
3,13,0,1,0
4,7,0,1,0
12,4,1,0,0
22,4,1,0,0
5,5,0,0,0
4,8,0,1,0
3,151,0,1,0
3,10,0,1,0
4,5,0,0,0
0,3,0,0,0
9,4,1,0,0
5,5,0,0,0
3,16,0,1,0
4,13,0,1,0
3,6,0,0,0
10,4,1,0,0
19,4,1,0,0
6,5,0,0,0
4,11,0,1,0
3,17,0,1,0
4,7,0,1,0
5,5,0,0,0
0,4,0,0,0
5,4,0,0,0
4,12,0,1,0
3,12,0,1,0
3,9,0,1,0
7,5,1,0,0
6,4,0,0,0
4,12,0,1,0
4,13,0,1,0
3,7,0,1,0
6,4,0,0,0
18,4,1,0,0
8,4,1,0,0
5,4,0,0,0
4,5,0,0,0
4,14,0,1,0
4,12,0,1,0
3,5,0,0,0
5,4,0,0,0
11,4,1,0,0
6,5,0,0,0
4,5,0,0,0
3,16,0,1,0
4,8,0,1,0
4,4,0,0,0
10,3,1,0,0
20,4,1,0,0
6,4,0,0,0
4,5,0,0,0
4,15,0,1,0
4,7,0,1,0
4,4,0,0,0
14,4,1,0,0
30,4,1,0,0
6,4,0,0,0
5,5,0,0,0
4,10,0,1,0
4,6,0,0,0
5,4,0,0,0
7,4,1,0,0
5,4,0,0,0
5,6,0,0,0
4,10,0,1,0
4,7,0,1,0
5,4,0,0,0
20,4,1,0,0
14,4,1,0,0
6,4,0,0,0
4,10,0,1,0
3,17,0,1,0
4,9,0,1,0
4,7,0,1,0
56,4,1,0,0
18,4,1,0,0
16,5,1,0,0
12,6,1,0,0
7,9,1,1,0
4,158,0,1,0
4,12,0,1,0
3,7,0,1,0
6,4,0,0,0
100,4,1,0,0
13,4,1,0,0
12,6,1,0,0
4,13,0,1,0
3,22,0,1,0
4,8,0,1,0
6,6,0,0,0
89,4,1,0,0
13,4,1,0,0
12,5,1,0,0
8,9,1,1,0
3,49,0,1,0
4,14,0,1,0
3,9,0,1,0
10,4,1,0,0
84,3,1,0,0
13,4,1,0,0
9,7,1,1,0
4,139,0,1,0
4,158,0,1,0
3,7,0,1,0
12,4,1,0,0
15,4,1,0,0
9,4,1,0,0
5,8,0,1,0
4,0,0,0,0
4,11,0,1,0
4,7,0,1,0
0,4,0,0,0
16,4,1,0,0
8,4,1,0,0
4,6,0,0,0
4,19,0,1,0
4,10,0,1,0
5,7,0,1,0
15,4,1,0,0
20,4,1,0,0
6,4,0,0,0
4,6,0,0,0
4,10,0,1,0
4,7,0,1,0
6,4,0,0,0
0,4,0,0,0
8,4,1,0,0
5,5,0,0,0
4,14,0,1,0
3,11,0,1,0
5,6,0,0,0
0,4,0,0,0
14,4,1,0,0
12,5,1,0,0
6,6,0,0,0
4,16,0,1,0
4,13,0,1,0
4,6,0,0,0
0,4,0,0,0
15,4,1,0,0
6,5,0,0,0
3,7,0,1,0
3,21,0,1,0
4,7,0,1,0
4,5,0,0,0
66,4,1,0,0
11,4,1,0,0
4,4,0,0,0
4,21,0,1,0
3,10,0,1,0
3,8,0,1,0
12,4,1,0,0
44,4,1,0,0
9,4,1,0,0
4,5,0,0,0
4,87,0,1,0
4,10,0,1,0
4,6,0,0,0
0,4,0,0,0
21,4,1,0,0
15,4,1,0,0
12,7,1,1,0
4,13,0,1,0
3,162,0,1,0
4,7,0,1,0
4,4,0,0,0
95,4,1,0,0
10,4,1,0,0
5,6,0,0,0
4,17,0,1,0
3,11,0,1,0
3,7,0,1,0
37,4,1,0,0
16,4,1,0,0
7,4,1,0,0
4,9,0,1,0
4,17,0,1,0
3,7,0,1,0
5,6,0,0,0
39,4,1,0,0
19,4,1,0,0
8,4,1,0,0
4,6,0,0,0
3,20,0,1,0
4,7,0,1,0
3,4,0,0,0
55,4,1,0,0
20,4,1,0,0
7,4,1,0,0
4,11,0,1,0
4,16,0,1,0
4,6,0,0,0
8,3,1,0,0
59,4,1,0,0
17,5,1,0,0
7,7,1,1,0
4,150,0,1,0
4,22,0,1,0
4,8,0,1,0
6,5,0,0,0
0,4,0,0,0
13,4,1,0,0
10,5,1,0,0
8,5,1,0,0
4,8,0,1,0
4,8,0,1,0
3,15,0,1,0
3,8,0,1,0
16,4,1,0,0
11,3,1,0,0
0,3,0,0,0
14,3,1,0,0
5,3,0,0,0
4,4,0,0,0
3,23,0,1,0
4,11,0,1,0
3,7,0,1,0
5,4,0,0,0
0,4,0,0,0
19,4,1,0,0
9,4,1,0,0
4,6,0,0,0
4,150,0,1,0
3,10,0,1,0
4,6,0,0,0
9,4,1,0,0
20,4,1,0,0
7,5,1,0,0
4,6,0,0,0
4,144,0,1,0
4,10,0,1,0
5,5,0,0,0
0,3,0,0,0
16,4,1,0,0
10,4,1,0,0
4,7,0,1,0
5,24,0,1,0
4,9,0,1,0
3,5,0,0,0
0,3,0,0,0
24,4,1,0,0
9,5,1,0,0
4,8,0,1,0
4,35,0,1,0
4,9,0,1,0
4,6,0,0,0
0,4,0,0,0
22,3,1,0,0
9,4,1,0,0
6,7,0,1,0
4,18,0,1,0
4,14,0,1,0
4,8,0,1,0
0,4,0,0,0
0,4,0,0,0
7,5,1,0,0
4,11,0,1,0
3,25,0,1,0
4,8,0,1,0
0,4,0,0,0
22,4,1,0,0
7,4,1,0,0
4,7,0,1,0
4,143,0,1,0
4,7,0,1,0
9,4,1,0,0
104,4,1,0,0
8,4,1,0,0
6,5,0,0,0
4,30,0,1,0
4,14,0,1,0
4,6,0,0,0
0,4,0,0,0
19,4,1,0,0
8,5,1,0,0
4,8,0,1,0
3,79,0,1,0
4,7,0,1,0
4,5,0,0,0
75,4,1,0,0
10,4,1,0,0
9,4,1,0,0
5,8,0,1,0
3,20,0,1,0
4,8,0,1,0
4,7,0,1,0
23,3,1,0,0
18,4,1,0,0
10,4,1,0,0
5,6,0,0,0
4,0,0,0,0
4,12,0,1,0
4,6,0,0,0
11,4,1,0,0
20,4,1,0,0
6,5,0,0,0
4,7,0,1,0
4,23,0,1,0
0,8,0,1,0
13,4,1,0,0
94,4,1,0,0
7,5,1,0,0
4,8,0,1,0
4,24,0,1,0
4,10,0,1,0
4,6,0,0,0
0,4,0,0,0
17,5,1,0,0
6,6,0,0,0
3,15,0,1,0
4,24,0,1,0
3,6,0,0,0
6,4,0,0,0
0,4,0,0,0
8,4,1,0,0
5,5,0,0,0
4,0,0,0,0
4,9,0,1,0
3,6,0,0,0
0,4,0,0,0
15,4,1,0,0
7,4,1,0,0
4,11,0,1,0
4,16,0,1,0
4,7,0,1,0
13,4,1,0,0
19,4,1,0,0
7,4,1,0,0
5,5,0,0,0
3,15,0,1,0
3,14,0,1,0
4,6,0,0,0
0,4,0,0,0
16,4,1,0,0
7,5,1,0,0
5,10,0,1,0
4,19,0,1,0
4,8,0,1,0
4,5,0,0,0
0,4,0,0,0
12,5,1,0,0
7,6,1,0,0
4,122,0,1,0
3,15,0,1,0
4,8,0,1,0
0,4,0,0,0
23,4,1,0,0
13,4,1,0,0
12,4,1,0,0
5,7,0,1,0
5,22,0,1,0
4,11,0,1,0
4,9,0,1,0
5,10,0,1,0
8,5,1,0,0
21,4,1,0,0
23,5,1,0,0
8,5,1,0,0
8,4,1,0,0
5,4,0,0,0
5,6,0,0,0
4,7,0,1,0
3,5,0,0,0
9,4,1,0,0
7,4,1,0,0
9,4,1,0,0
5,4,0,0,0
5,4,0,0,0
3,7,0,1,0
4,7,0,1,0
3,5,0,0,0
18,3,1,0,0
10,4,1,0,0
6,4,0,0,0
5,5,0,0,0
4,8,0,1,0
4,8,0,1,0
4,4,0,0,0
6,4,0,0,0
8,4,1,0,0
7,4,1,0,0
4,5,0,0,0
4,12,0,1,0
4,7,0,1,0
4,6,0,0,0
5,5,0,0,0
7,4,1,0,0
16,4,1,0,0
4,4,0,0,0
4,7,0,1,0
4,10,0,1,0
3,6,0,0,0
14,4,1,0,0
17,4,1,0,0
5,4,0,0,0
4,5,0,0,0
4,12,0,1,0
4,5,0,0,0
19,4,1,0,0
12,3,1,0,0
5,4,0,0,0
4,6,0,0,0
4,12,0,1,0
3,6,0,0,0
10,3,1,0,0
18,4,1,0,0
5,4,0,0,0
4,8,0,1,0
4,10,0,1,0
4,5,0,0,0
3,4,0,0,0
12,4,1,0,0
5,4,0,0,0
4,4,0,0,0
4,7,0,1,0
4,7,0,1,0
4,6,0,0,0
7,4,1,0,0
11,4,1,0,0
4,4,0,0,0
4,5,0,0,0
3,14,0,1,0
3,5,0,0,0
6,4,0,0,0
11,4,1,0,0
5,4,0,0,0
4,5,0,0,0
3,13,0,1,0
3,5,0,0,0
19,4,1,0,0
10,4,1,0,0
4,4,0,0,0
4,12,0,1,0
3,5,0,0,0
13,4,1,0,0
5,4,0,0,0
5,4,0,0,0
3,10,0,1,0
3,8,0,1,0
4,5,0,0,0
11,4,1,0,0
6,4,0,0,0
5,4,0,0,0
3,8,0,1,0
4,4,0,0,0
8,4,1,0,0
6,4,0,0,0
5,5,0,0,0
4,9,0,1,0
4,5,0,0,0
7,4,1,0,0
13,4,1,0,0
14,4,1,0,0
12,7,1,1,0
5,12,0,1,0
4,157,0,1,0
4,5,0,0,0
4,4,0,0,0
13,4,1,0,0
6,4,0,0,0
4,4,0,0,0
4,13,0,1,0
4,6,0,0,0
4,4,0,0,0
15,4,1,0,0
11,4,1,0,0
7,4,1,0,0
4,10,0,1,0
4,16,0,1,0
3,6,0,0,0
10,4,1,0,0
0,3,0,0,0
14,4,1,0,0
14,5,1,0,0
6,9,0,1,0
4,0,0,0,0
3,13,0,1,0
3,7,0,1,0
13,4,1,0,0
22,4,1,0,0
9,4,1,0,0
9,6,1,0,0
4,12,0,1,0
4,19,0,1,0
3,7,0,1,0
6,4,0,0,0
17,4,1,0,0
7,4,1,0,0
3,5,0,0,0
4,156,0,1,0
4,7,0,1,0
4,4,0,0,0
0,4,0,0,0
8,4,1,0,0
5,4,0,0,0
4,15,0,1,0
4,6,0,0,0
4,4,0,0,0
11,4,1,0,0
9,4,1,0,0
6,4,0,0,0
5,5,0,0,0
4,17,0,1,0
4,6,0,0,0
4,4,0,0,0
0,4,0,0,0
4,4,0,0,0
5,4,0,0,0
4,0,0,0,0
4,4,0,0,0
6,4,0,0,0
0,4,0,0,0
5,4,0,0,0
4,8,0,1,0
4,16,0,1,0
3,6,0,0,0
0,4,0,0,0
0,4,0,0,0
5,4,0,0,0
4,5,0,0,0
4,0,0,0,0
3,7,0,1,0
3,5,0,0,0
0,4,0,0,0
12,3,1,0,0
8,4,1,0,0
4,9,0,1,0
4,22,0,1,0
4,6,0,0,0
0,4,0,0,0
12,4,1,0,0
9,5,1,0,0
4,11,0,1,0
3,0,0,0,0
4,5,0,0,0
5,4,0,0,0
0,4,0,0,0
19,4,1,0,0
16,5,1,0,0
14,7,1,1,0
4,13,0,1,0
4,0,0,0,0
5,13,0,1,0
5,10,0,1,0
8,4,1,0,0
21,3,1,0,0
18,4,1,0,0
10,4,1,0,0
5,4,0,0,0
4,5,0,0,0
4,19,0,1,0
4,11,0,1,0
4,8,0,1,0
5,4,0,0,0
0,4,0,0,0
17,4,1,0,0
13,4,1,0,0
13,3,1,0,0
6,6,0,0,0
4,14,0,1,0
4,21,0,1,0
4,7,0,1,0
4,5,0,0,0
0,4,0,0,0
16,4,1,0,0
10,5,1,0,0
5,7,0,1,0
4,19,0,1,0
3,21,0,1,0
3,7,0,1,0
10,4,1,0,0
180,4,1,0,0
15,4,1,0,0
8,6,1,0,0
4,13,0,1,0
3,18,0,1,0
4,7,0,1,0
12,4,1,0,0
0,4,0,0,0
19,5,1,0,0
7,6,1,0,0
4,15,0,1,0
3,20,0,1,0
3,7,0,1,0
4,5,0,0,0
0,4,0,0,0
14,4,1,0,0
7,4,1,0,0
4,7,0,1,0
4,0,0,0,0
4,12,0,1,0
4,7,0,1,0
14,4,1,0,0
104,4,1,0,0
9,4,1,0,0
8,5,1,0,0
5,12,0,1,0
4,23,0,1,0
4,9,0,1,0
5,7,0,1,0
74,4,1,0,0
25,4,1,0,0
8,4,1,0,0
6,7,0,1,0
4,0,0,0,0
4,14,0,1,0
8,7,1,1,0
140,4,1,0,0
0,3,0,0,0
14,4,1,0,0
12,5,1,0,0
7,10,1,1,0
4,51,0,1,0
4,11,0,1,0
4,26,0,1,0
17,4,1,0,0
172,4,1,0,0
12,3,1,0,0
7,5,1,0,0
4,11,0,1,0
3,20,0,1,0
3,6,0,0,0
0,4,0,0,0
86,4,1,0,0
8,4,1,0,0
6,6,0,0,0
4,14,0,1,0
4,13,0,1,0
4,8,0,1,0
6,5,0,0,0
99,4,1,0,0
21,4,1,0,0
7,5,1,0,0
4,8,0,1,0
3,22,0,1,0
4,13,0,1,0
3,7,0,1,0
14,4,1,0,0
75,4,1,0,0
17,4,1,0,0
13,5,1,0,0
8,7,1,1,0
4,17,0,1,0
4,35,0,1,0
4,7,0,1,0
5,4,0,0,0
0,4,0,0,0
8,5,1,0,0
7,5,1,0,0
3,7,0,1,0
4,17,0,1,0
4,8,0,1,0
4,4,0,0,0
15,4,1,0,0
15,5,1,0,0
7,5,1,0,0
4,7,0,1,0
4,18,0,1,0
3,7,0,1,0
4,5,0,0,0
8,4,1,0,0
10,4,1,0,0
6,3,0,0,0
4,5,0,0,0
4,12,0,1,0
4,8,0,1,0
3,4,0,0,0
15,4,1,0,0
10,4,1,0,0
6,4,0,0,0
4,12,0,1,0
4,13,0,1,0
4,6,0,0,0
6,4,0,0,0
7,4,1,0,0
8,4,1,0,0
5,4,0,0,0
4,8,0,1,0
4,14,0,1,0
3,9,0,1,0
4,5,0,0,0
0,3,0,0,0
12,4,1,0,0
12,4,1,0,0
11,6,1,0,0
11,9,1,1,0
4,0,0,0,0
3,0,0,0,0
4,7,0,1,0
3,8,0,1,0
17,4,1,0,0
146,4,1,0,0
13,4,1,0,0
13,4,1,0,0
11,7,1,1,0
7,9,1,1,0
4,19,0,1,0
3,16,0,1,0
4,8,0,1,0
4,5,0,0,0
23,4,1,0,0
27,4,1,0,0
11,5,1,0,0
12,6,1,0,0
5,10,0,1,0
4,90,0,1,0
4,15,0,1,0
4,9,0,1,0
5,4,0,0,0
0,4,0,0,0
19,4,1,0,0
7,4,1,0,0
5,7,0,1,0
4,67,0,1,0
3,11,0,1,0
4,9,0,1,0
5,5,0,0,0
9,4,1,0,0
11,3,1,0,0
6,4,0,0,0
6,4,0,0,0
9,4,1,0,0
79,4,1,0,0
6,5,0,0,0
4,5,0,0,0
4,8,0,1,0
4,10,0,1,0
4,14,0,1,0
4,11,0,1,0
4,8,0,1,0
5,5,0,0,0
0,4,0,0,0
15,4,1,0,0
10,4,1,0,0
13,6,1,0,0
12,7,1,1,0
4,15,0,1,0
4,40,0,1,0
4,11,0,1,0
4,8,0,1,0
7,4,1,0,0
0,4,0,0,0
18,3,1,0,0
10,5,1,0,0
4,10,0,1,0
4,19,0,1,0
3,8,0,1,0
3,6,0,0,0
0,4,0,0,0
14,4,1,0,0
9,3,1,0,0
4,6,0,0,0
4,22,0,1,0
4,20,0,1,0
3,8,0,1,0
4,7,0,1,0
80,4,1,0,0
13,4,1,0,0
11,5,1,0,0
10,9,1,1,0
6,14,0,1,0
3,50,0,1,0
4,9,0,1,0
5,8,0,1,0
0,4,0,0,0
0,3,0,0,0
8,4,1,0,0
6,4,0,0,0
4,15,0,1,0
3,13,0,1,0
4,6,0,0,0
7,4,1,0,0
95,3,1,0,0
14,4,1,0,0
6,6,0,0,0
4,0,0,0,0
4,12,0,1,0
3,7,0,1,0
19,4,1,0,0
18,4,1,0,0
10,5,1,0,0
4,6,0,0,0
4,77,0,1,0
4,14,0,1,0
3,6,0,0,0
79,4,1,0,0
20,4,1,0,0
9,4,1,0,0
4,9,0,1,0
3,35,0,1,0
4,7,0,1,0
6,3,0,0,0
0,4,0,0,0
12,4,1,0,0
5,5,0,0,0
4,17,0,1,0
4,152,0,1,0
3,7,0,1,0
17,4,1,0,0
0,4,0,0,0
17,4,1,0,0
8,6,1,0,0
4,15,0,1,0
3,20,0,1,0
3,6,0,0,0
5,4,0,0,0
0,4,0,0,0
15,4,1,0,0
5,4,0,0,0
4,12,0,1,0
4,27,0,1,0
4,6,0,0,0
0,4,0,0,0
25,4,1,0,0
10,4,1,0,0
4,8,0,1,0
4,24,0,1,0
3,9,0,1,0
6,4,0,0,0
71,4,1,0,0
0,4,0,0,0
10,5,1,0,0
6,8,0,1,0
3,36,0,1,0
3,16,0,1,0
4,5,0,0,0
8,4,1,0,0
61,4,1,0,0
15,5,1,0,0
6,6,0,0,0
4,18,0,1,0
3,17,0,1,0
4,6,0,0,0
7,4,1,0,0
84,4,1,0,0
13,4,1,0,0
3,6,0,0,0
4,21,0,1,0
3,10,0,1,0
3,5,0,0,0
0,4,0,0,0
19,4,1,0,0
8,4,1,0,0
5,7,0,1,0
4,39,0,1,0
4,9,0,1,0
5,5,0,0,0
51,4,1,0,0
0,4,0,0,0
11,5,1,0,0
4,8,0,1,0
4,100,0,1,0
3,9,0,1,0
0,4,0,0,0
112,4,1,0,0
22,4,1,0,0
13,5,1,0,0
7,7,1,1,0
3,103,0,1,0
4,15,0,1,0
4,6,0,0,0
0,4,0,0,0
27,4,1,0,0
11,4,1,0,0
4,5,0,0,0
4,17,0,1,0
4,22,0,1,0
3,7,0,1,0
5,4,0,0,0
85,3,1,0,0
19,4,1,0,0
8,5,1,0,0
4,8,0,1,0
4,7,0,1,0
5,16,0,1,0
5,11,0,1,0
6,5,0,0,0
11,5,1,0,0
16,4,1,0,0
16,4,1,0,0
16,4,1,0,0
12,3,1,0,0
5,3,0,0,0
4,6,0,0,0
4,17,0,1,0
4,12,0,1,0
4,33,0,1,0
10,4,1,0,0
24,4,1,0,0
10,4,1,0,0
5,5,0,0,0
4,10,0,1,0
4,24,0,1,0
4,10,0,1,0
3,5,0,0,0
17,3,1,0,0
19,4,1,0,0
8,4,1,0,0
4,7,0,1,0
3,31,0,1,0
3,10,0,1,0
5,4,0,0,0
65,4,1,0,0
17,4,1,0,0
7,5,1,0,0
4,10,0,1,0
3,21,0,1,0
4,5,0,0,0
7,5,1,0,0
0,4,0,0,0
13,4,1,0,0
4,6,0,0,0
4,86,0,1,0
4,14,0,1,0
3,6,0,0,0
89,4,1,0,0
174,3,1,0,0
10,4,1,0,0
4,6,0,0,0
3,89,0,1,0
3,9,0,1,0
4,6,0,0,0
0,4,0,0,0
23,4,1,0,0
7,4,1,0,0
4,9,0,1,0
3,22,0,1,0
4,8,0,1,0
3,5,0,0,0
0,4,0,0,0
17,5,1,0,0
7,6,1,0,0
3,11,0,1,0
3,27,0,1,0
4,7,0,1,0
15,4,1,0,0
29,4,1,0,0
15,6,1,0,0
8,7,1,1,0
4,9,0,1,0
3,187,0,1,0
3,8,0,1,0
4,4,0,0,0
57,4,1,0,0
20,4,1,0,0
5,5,0,0,0
4,8,0,1,0
5,18,0,1,0
3,6,0,0,0
5,4,0,0,0
88,4,1,0,0
9,4,1,0,0
5,5,0,0,0
4,16,0,1,0
4,9,0,1,0
4,6,0,0,0
11,4,1,0,0
97,4,1,0,0
7,5,1,0,0
5,7,0,1,0
4,25,0,1,0
4,9,0,1,0
3,5,0,0,0
11,4,1,0,0
9,3,1,0,0
6,5,0,0,0
4,10,0,1,0
4,17,0,1,0
3,5,0,0,0
6,4,0,0,0
0,4,0,0,0
6,4,0,0,0
4,6,0,0,0
4,74,0,1,0
4,7,0,1,0
9,4,1,0,0
0,4,0,0,0
10,5,1,0,0
5,6,0,0,0
4,0,0,0,0
4,12,0,1,0
3,6,0,0,0
0,4,0,0,0
16,4,1,0,0
6,5,0,0,0
3,12,0,1,0
4,16,0,1,0
3,8,0,1,0
7,4,1,0,0
0,4,0,0,0
8,4,1,0,0
4,6,0,0,0
4,18,0,1,0
3,7,0,1,0
4,4,0,0,0
130,4,1,0,0
21,4,1,0,0
5,6,0,0,0
4,0,0,0,0
4,19,0,1,0
4,6,0,0,0
11,4,1,0,0
67,4,1,0,0
10,5,1,0,0
4,9,0,1,0
3,0,0,0,0
4,5,0,0,0
5,3,0,0,0
0,4,0,0,0
11,4,1,0,0
6,5,0,0,0
3,0,0,0,0
3,14,0,1,0
4,5,0,0,0
0,4,0,0,0
0,4,0,0,0
6,4,0,0,0
4,6,0,0,0
4,94,0,1,0
4,14,0,1,0
4,9,0,1,0
11,5,1,0,0
13,5,1,0,0
13,4,1,0,0
6,5,0,0,0
5,6,0,0,0
4,6,0,0,0
4,11,0,1,0
4,10,0,1,0
4,7,0,1,0
4,5,0,0,0
12,4,1,0,0
0,4,0,0,0
13,5,1,0,0
5,7,0,1,0
4,19,0,1,0
5,19,0,1,0
7,6,1,0,0
0,4,0,0,0
26,4,1,0,0
6,5,0,0,0
4,8,0,1,0
4,0,0,0,0
4,7,0,1,0
4,5,0,0,0
44,4,1,0,0
12,4,1,0,0
6,4,0,0,0
4,11,0,1,0
3,17,0,1,0
4,7,0,1,0
8,4,1,0,0
103,4,1,0,0
7,4,1,0,0
4,7,0,1,0
3,24,0,1,0
4,6,0,0,0
11,4,1,0,0
0,4,0,0,0
5,4,0,0,0
4,5,0,0,0
4,9,0,1,0
4,5,0,0,0
5,4,0,0,0
21,4,1,0,0
6,5,0,0,0
4,10,0,1,0
4,18,0,1,0
4,6,0,0,0
6,4,0,0,0
12,4,1,0,0
5,4,0,0,0
4,5,0,0,0
4,14,0,1,0
4,6,0,0,0
0,4,0,0,0
11,5,1,0,0
4,6,0,0,0
4,18,0,1,0
4,5,0,0,0
9,4,1,0,0
14,4,1,0,0
5,6,0,0,0
4,17,0,1,0
3,16,0,1,0
4,7,0,1,0
7,4,1,0,0
64,4,1,0,0
20,4,1,0,0
9,6,1,0,0
7,9,1,1,0
4,28,0,1,0
4,12,0,1,0
3,9,0,1,0
12,4,1,0,0
24,4,1,0,0
10,4,1,0,0
10,6,1,0,0
4,90,0,1,0
4,18,0,1,0
4,6,0,0,0
9,4,1,0,0
0,4,0,0,0
7,5,1,0,0
6,7,0,1,0
4,100,0,1,0
3,12,0,1,0
5,6,0,0,0
13,4,1,0,0
0,4,0,0,0
11,4,1,0,0
6,6,0,0,0
4,17,0,1,0
4,11,0,1,0
4,6,0,0,0
8,4,1,0,0
83,4,1,0,0
7,4,1,0,0
6,4,0,0,0
4,14,0,1,0
4,13,0,1,0
3,7,0,1,0
7,4,1,0,0
49,4,1,0,0
7,4,1,0,0
4,5,0,0,0
5,26,0,1,0
3,10,0,1,0
4,8,0,1,0
94,4,1,0,0
19,4,1,0,0
13,5,1,0,0
10,6,1,0,0
4,11,0,1,0
4,40,0,1,0
4,12,0,1,0
4,5,0,0,0
63,4,1,0,0
22,5,1,0,0
6,5,0,0,0
4,15,0,1,0
5,17,0,1,0
6,6,0,0,0
84,4,1,0,0
22,4,1,0,0
7,4,1,0,0
3,10,0,1,0
4,0,0,0,0
4,8,0,1,0
7,10,1,1,0
34,4,1,0,0
18,4,1,0,0
7,4,1,0,0
4,7,0,1,0
4,156,0,1,0
4,12,0,1,0
4,8,0,1,0
0,5,0,0,0
57,3,1,0,0
10,4,1,0,0
7,5,1,0,0
4,10,0,1,0
4,21,0,1,0
4,8,0,1,0
4,5,0,0,0
97,4,1,0,0
16,3,1,0,0
6,4,0,0,0
4,6,0,0,0
4,0,0,0,0
4,20,0,1,0
4,9,0,1,0
4,5,0,0,0
10,4,1,0,0
17,4,1,0,0
5,4,0,0,0
4,6,0,0,0
3,16,0,1,0
4,10,0,1,0
3,8,0,1,0
6,4,0,0,0
0,4,0,0,0
9,4,1,0,0
4,5,0,0,0
4,0,0,0,0
4,8,0,1,0
4,4,0,0,0
0,4,0,0,0
8,4,1,0,0
5,4,0,0,0
4,13,0,1,0
3,11,0,1,0
4,5,0,0,0
7,3,1,0,0
0,4,0,0,0
5,4,0,0,0
4,5,0,0,0
4,0,0,0,0
4,10,0,1,0
4,4,0,0,0
0,4,0,0,0
7,4,1,0,0
5,5,0,0,0
5,17,0,1,0
4,12,0,1,0
4,5,0,0,0
7,4,1,0,0
94,4,1,0,0
10,4,1,0,0
7,4,1,0,0
4,9,0,1,0
4,21,0,1,0
4,6,0,0,0
3,4,0,0,0
0,4,0,0,0
8,4,1,0,0
5,4,0,0,0
4,17,0,1,0
4,11,0,1,0
4,4,0,0,0
0,4,0,0,0
6,4,0,0,0
3,5,0,0,0
4,0,0,0,0
4,9,0,1,0
3,5,0,0,0
0,4,0,0,0
12,4,1,0,0
7,4,1,0,0
5,10,0,1,0
3,0,0,0,0
3,8,0,1,0
4,5,0,0,0
18,3,1,0,0
17,4,1,0,0
11,5,1,0,0
14,9,1,1,0
5,17,0,1,0
4,0,0,0,0
4,18,0,1,0
6,12,0,1,0
9,62,1,1,0
0,5,0,0,0
0,4,0,0,0
18,4,1,0,0
10,4,1,0,0
6,5,0,0,0
4,9,0,1,0
4,18,0,1,0
4,13,0,1,0
4,9,0,1,0
4,6,0,0,0
15,4,1,0,0
21,4,1,0,0
12,4,1,0,0
13,4,1,0,0
4,8,0,1,0
4,18,0,1,0
4,14,0,1,0
4,63,0,1,0
10,4,1,0,0
0,4,0,0,0
22,5,1,0,0
8,5,1,0,0
4,11,0,1,0
4,23,0,1,0
4,10,0,1,0
4,5,0,0,0
19,4,1,0,0
0,4,0,0,0
11,5,1,0,0
5,5,0,0,0
4,14,0,1,0
4,22,0,1,0
4,6,0,0,0
8,4,1,0,0
0,4,0,0,0
9,4,1,0,0
4,5,0,0,0
3,0,0,0,0
4,11,0,1,0
3,6,0,0,0
0,3,0,0,0
0,4,0,0,0
9,4,1,0,0
4,8,0,1,0
3,64,0,1,0
4,12,0,1,0
4,6,0,0,0
0,4,0,0,0
19,4,1,0,0
8,4,1,0,0
5,6,0,0,0
3,0,0,0,0
3,11,0,1,0
5,5,0,0,0
0,4,0,0,0
17,4,1,0,0
8,4,1,0,0
4,4,0,0,0
4,20,0,1,0
4,15,0,1,0
4,7,0,1,0
7,4,1,0,0
26,4,1,0,0
19,4,1,0,0
9,4,1,0,0
4,10,0,1,0
4,22,0,1,0
3,11,0,1,0
3,6,0,0,0
44,4,1,0,0
27,4,1,0,0
12,5,1,0,0
6,6,0,0,0
5,13,0,1,0
4,24,0,1,0
4,9,0,1,0
4,8,0,1,0
16,4,1,0,0
158,4,1,0,0
8,5,1,0,0
5,6,0,0,0
3,13,0,1,0
3,21,0,1,0
3,7,0,1,0
5,4,0,0,0
0,4,0,0,0
13,5,1,0,0
10,6,1,0,0
4,10,0,1,0
3,20,0,1,0
3,15,0,1,0
4,10,0,1,0
4,5,0,0,0
19,4,1,0,0
23,4,1,0,0
42,4,1,0,0
9,3,1,0,0
4,5,0,0,0
4,9,0,1,0
4,11,0,1,0
3,10,0,1,0
4,6,0,0,0
4,4,0,0,0
11,4,1,0,0
15,4,1,0,0
8,4,1,0,0
5,5,0,0,0
5,0,0,0,0
4,14,0,1,0
4,7,0,1,0
4,4,0,0,0
18,4,1,0,0
11,4,1,0,0
6,5,0,0,0
5,9,0,1,0
3,14,0,1,0
4,7,0,1,0
4,4,0,0,0
0,4,0,0,0
9,4,1,0,0
6,4,0,0,0
4,9,0,1,0
4,12,0,1,0
4,7,0,1,0
4,4,0,0,0
159,4,1,0,0
12,4,1,0,0
10,4,1,0,0
4,7,0,1,0
3,21,0,1,0
4,11,0,1,0
4,5,0,0,0
72,4,1,0,0
28,4,1,0,0
19,5,1,0,0
7,6,1,0,0
4,15,0,1,0
4,20,0,1,0
4,8,0,1,0
6,5,0,0,0
0,4,0,0,0
13,4,1,0,0
6,5,0,0,0
4,9,0,1,0
4,19,0,1,0
3,8,0,1,0
4,7,0,1,0
0,4,0,0,0
16,4,1,0,0
7,5,1,0,0
4,7,0,1,0
4,163,0,1,0
3,13,0,1,0
3,8,0,1,0
75,4,1,0,0
22,4,1,0,0
12,4,1,0,0
11,5,1,0,0
4,12,0,1,0
4,24,0,1,0
3,7,0,1,0
4,5,0,0,0
0,4,0,0,0
0,4,0,0,0
6,4,0,0,0
3,8,0,1,0
4,101,0,1,0
3,7,0,1,0
5,4,0,0,0
88,4,1,0,0
12,4,1,0,0
6,5,0,0,0
4,15,0,1,0
3,22,0,1,0
4,6,0,0,0
4,4,0,0,0
0,4,0,0,0
13,3,1,0,0
6,4,0,0,0
3,12,0,1,0
4,17,0,1,0
4,7,0,1,0
7,4,1,0,0
0,4,0,0,0
15,4,1,0,0
8,4,1,0,0
4,12,0,1,0
4,23,0,1,0
3,9,0,1,0
4,31,0,1,0
11,4,1,0,0
0,4,0,0,0
15,4,1,0,0
7,5,1,0,0
4,13,0,1,0
3,22,0,1,0
4,7,0,1,0
4,4,0,0,0
0,4,0,0,0
16,4,1,0,0
10,5,1,0,0
13,6,1,0,0
23,10,1,1,0
4,56,0,1,0
3,17,0,1,0
3,26,0,1,0
0,4,0,0,0
95,3,1,0,0
14,5,1,0,0
14,5,1,0,0
9,8,1,1,0
3,156,0,1,0
4,18,0,1,0
3,9,0,1,0
6,4,0,0,0
97,4,1,0,0
13,5,1,0,0
12,5,1,0,0
11,7,1,1,0
4,15,0,1,0
4,0,0,0,0
4,9,0,1,0
4,6,0,0,0
0,4,0,0,0
27,4,1,0,0
12,5,1,0,0
5,7,0,1,0
4,0,0,0,0
3,18,0,1,0
3,12,0,1,0
8,4,1,0,0
0,4,0,0,0
17,4,1,0,0
42,4,1,0,0
4,8,0,1,0
3,114,0,1,0
4,11,0,1,0
5,5,0,0,0
133,4,1,0,0
19,5,1,0,0
7,6,1,0,0
4,12,0,1,0
4,23,0,1,0
3,8,0,1,0
7,4,1,0,0
17,4,1,0,0
16,4,1,0,0
10,5,1,0,0
4,6,0,0,0
3,6,0,0,0
3,20,0,1,0
4,7,0,1,0
3,4,0,0,0
18,4,1,0,0
37,4,1,0,0
9,4,1,0,0
4,5,0,0,0
4,7,0,1,0
4,13,0,1,0
4,7,0,1,0
4,5,0,0,0
12,3,1,0,0
14,4,1,0,0
7,4,1,0,0
4,5,0,0,0
3,17,0,1,0
3,9,0,1,0
4,5,0,0,0
10,4,1,0,0
16,4,1,0,0
10,4,1,0,0
4,5,0,0,0
4,19,0,1,0
4,10,0,1,0
3,6,0,0,0
24,4,1,0,0
0,4,0,0,0
12,5,1,0,0
10,5,1,0,0
7,7,1,1,0
4,13,0,1,0
4,24,0,1,0
4,10,0,1,0
4,24,0,1,0
11,4,1,0,0
20,4,1,0,0
9,4,1,0,0
14,5,1,0,0
6,9,0,1,0
5,77,0,1,0
4,11,0,1,0
4,23,0,1,0
6,5,0,0,0
106,4,1,0,0
15,4,1,0,0
8,4,1,0,0
5,5,0,0,0
4,13,0,1,0
3,18,0,1,0
3,59,0,1,0
6,5,0,0,0
119,3,1,0,0
11,4,1,0,0
7,5,1,0,0
3,9,0,1,0
3,17,0,1,0
3,8,0,1,0
4,5,0,0,0
108,4,1,0,0
20,4,1,0,0
9,4,1,0,0
4,7,0,1,0
3,155,0,1,0
4,11,0,1,0
3,8,0,1,0
12,3,1,0,0
0,4,0,0,0
14,4,1,0,0
5,6,0,0,0
4,16,0,1,0
3,22,0,1,0
3,7,0,1,0
6,5,0,0,0
0,4,0,0,0
26,3,1,0,0
7,4,1,0,0
3,11,0,1,0
3,20,0,1,0
4,8,0,1,0
3,4,0,0,0
0,4,0,0,0
0,4,0,0,0
8,4,1,0,0
3,6,0,0,0
4,19,0,1,0
4,14,0,1,0
4,6,0,0,0
10,4,1,0,0
20,4,1,0,0
6,4,0,0,0
4,4,0,0,0
4,16,0,1,0
4,12,0,1,0
3,7,0,1,0
14,4,1,0,0
0,4,0,0,0
8,4,1,0,0
4,5,0,0,0
4,19,0,1,0
4,7,0,1,0
4,4,0,0,0
0,4,0,0,0
8,4,1,0,0
6,5,0,0,0
4,18,0,1,0
3,10,0,1,0
4,6,0,0,0
8,3,1,0,0
41,4,1,0,0
14,4,1,0,0
7,4,1,0,0
4,12,0,1,0
4,19,0,1,0
4,9,0,1,0
5,7,0,1,0
0,4,0,0,0
20,4,1,0,0
15,4,1,0,0
16,6,1,0,0
7,8,1,1,0
4,0,0,0,0
4,20,0,1,0
4,8,0,1,0
4,9,0,1,0
0,4,0,0,0
58,4,1,0,0
17,4,1,0,0
12,4,1,0,0
13,5,1,0,0
3,9,0,1,0
3,72,0,1,0
4,12,0,1,0
4,7,0,1,0
4,5,0,0,0
0,4,0,0,0
15,4,1,0,0
13,4,1,0,0
13,5,1,0,0
7,5,1,0,0
3,11,0,1,0
4,20,0,1,0
4,8,0,1,0
3,5,0,0,0
9,4,1,0,0
144,4,1,0,0
17,4,1,0,0
14,6,1,0,0
6,9,0,1,0
4,20,0,1,0
3,22,0,1,0
3,8,0,1,0
3,5,0,0,0
0,4,0,0,0
0,3,0,0,0
11,4,1,0,0
8,5,1,0,0
4,11,0,1,0
4,0,0,0,0
4,7,0,1,0
3,5,0,0,0
0,3,0,0,0
0,4,0,0,0
14,4,1,0,0
4,8,0,1,0
4,22,0,1,0
4,10,0,1,0
4,58,0,1,0
8,4,1,0,0
0,4,0,0,0
16,4,1,0,0
10,5,1,0,0
4,9,0,1,0
4,24,0,1,0
4,14,0,1,0
5,12,0,1,0
4,6,0,0,0
5,3,0,0,0
7,4,1,0,0
10,4,1,0,0
6,4,0,0,0
9,4,1,0,0
5,6,0,0,0
3,14,0,1,0
4,10,0,1,0
4,7,0,1,0
5,5,0,0,0
32,4,1,0,0
20,4,1,0,0
6,4,0,0,0
4,4,0,0,0
4,11,0,1,0
4,16,0,1,0
3,6,0,0,0
7,4,1,0,0
0,4,0,0,0
9,4,1,0,0
5,6,0,0,0
5,18,0,1,0
4,14,0,1,0
3,8,0,1,0
8,4,1,0,0
25,4,1,0,0
8,5,1,0,0
6,6,0,0,0
4,20,0,1,0
4,13,0,1,0
4,7,0,1,0
8,4,1,0,0
98,4,1,0,0
7,4,1,0,0
6,5,0,0,0
4,16,0,1,0
4,13,0,1,0
3,6,0,0,0
13,4,1,0,0
0,4,0,0,0
8,4,1,0,0
4,6,0,0,0
4,26,0,1,0
3,11,0,1,0
5,5,0,0,0
81,4,1,0,0
21,4,1,0,0
6,5,0,0,0
4,9,0,1,0
3,22,0,1,0
4,6,0,0,0
9,4,1,0,0
0,4,0,0,0
6,4,0,0,0
5,5,0,0,0
4,0,0,0,0
3,10,0,1,0
3,5,0,0,0
120,4,1,0,0
11,4,1,0,0
6,5,0,0,0
4,112,0,1,0
4,12,0,1,0
4,9,0,1,0
0,4,0,0,0
26,4,1,0,0
13,5,1,0,0
13,6,1,0,0
4,9,0,1,0
4,0,0,0,0
3,10,0,1,0
3,6,0,0,0
0,4,0,0,0
16,4,1,0,0
8,4,1,0,0
4,7,0,1,0
4,20,0,1,0
4,7,0,1,0
5,4,0,0,0
99,4,1,0,0
6,4,0,0,0
4,8,0,1,0
4,17,0,1,0
4,8,0,1,0
7,4,1,0,0
0,4,0,0,0
5,5,0,0,0
4,9,0,1,0
4,20,0,1,0
4,6,0,0,0
12,4,1,0,0
0,4,0,0,0
6,4,0,0,0
4,7,0,1,0
3,0,0,0,0
4,8,0,1,0
7,4,1,0,0
0,4,0,0,0
16,4,1,0,0
5,5,0,0,0
3,0,0,0,0
4,13,0,1,0
4,7,0,1,0
0,4,0,0,0
24,4,1,0,0
6,5,0,0,0
4,12,0,1,0
4,21,0,1,0
4,6,0,0,0
0,4,0,0,0
0,4,0,0,0
6,5,0,0,0
4,13,0,1,0
4,19,0,1,0
3,6,0,0,0
0,4,0,0,0
19,4,1,0,0
8,5,1,0,0
4,15,0,1,0
3,18,0,1,0
3,8,0,1,0
10,3,1,0,0
0,4,0,0,0
15,5,1,0,0
6,7,0,1,0
4,24,0,1,0
3,11,0,1,0
6,5,0,0,0
0,4,0,0,0
20,5,1,0,0
6,7,0,1,0
3,0,0,0,0
4,8,0,1,0
3,5,0,0,0
0,4,0,0,0
13,4,1,0,0
8,4,1,0,0
3,9,0,1,0
3,25,0,1,0
3,7,0,1,0
4,5,0,0,0
14,4,1,0,0
0,3,0,0,0
5,3,0,0,0
4,6,0,0,0
4,16,0,1,0
4,12,0,1,0
4,8,0,1,0
5,4,0,0,0
19,4,1,0,0
20,4,1,0,0
7,5,1,0,0
4,10,0,1,0
4,22,0,1,0
3,7,0,1,0
4,4,0,0,0
24,4,1,0,0
12,4,1,0,0
4,4,0,0,0
3,19,0,1,0
4,10,0,1,0
3,5,0,0,0
0,3,0,0,0
17,4,1,0,0
6,5,0,0,0
4,13,0,1,0
5,15,0,1,0
4,8,0,1,0
4,4,0,0,0
0,4,0,0,0
11,4,1,0,0
5,5,0,0,0
4,0,0,0,0
4,14,0,1,0
4,5,0,0,0
0,4,0,0,0
24,4,1,0,0
8,5,1,0,0
4,12,0,1,0
4,23,0,1,0
4,8,0,1,0
4,6,0,0,0
0,4,0,0,0
14,4,1,0,0
16,4,1,0,0
15,6,1,0,0
7,9,1,1,0
4,77,0,1,0
4,15,0,1,0
4,9,0,1,0
9,4,1,0,0
25,4,1,0,0
17,4,1,0,0
15,4,1,0,0
8,7,1,1,0
4,0,0,0,0
3,20,0,1,0
3,10,0,1,0
0,5,0,0,0
0,4,0,0,0
14,4,1,0,0
7,4,1,0,0
4,9,0,1,0
4,0,0,0,0
4,12,0,1,0
15,9,1,1,0
0,4,0,0,0
21,4,1,0,0
11,4,1,0,0
5,5,0,0,0
4,13,0,1,0
4,17,0,1,0
3,13,0,1,0
4,10,0,1,0
0,5,0,0,0
0,4,0,0,0
19,4,1,0,0
13,4,1,0,0
10,6,1,0,0
3,17,0,1,0
4,22,0,1,0
4,66,0,1,0
0,5,0,0,0
0,4,0,0,0
0,4,0,0,0
9,6,1,0,0
4,13,0,1,0
4,26,0,1,0
3,10,0,1,0
8,4,1,0,0
0,4,0,0,0
17,4,1,0,0
5,6,0,0,0
4,0,0,0,0
4,21,0,1,0
4,8,0,1,0
14,5,1,0,0
0,4,0,0,0
22,4,1,0,0
8,5,1,0,0
3,14,0,1,0
4,0,0,0,0
4,10,0,1,0
5,6,0,0,0
0,3,0,0,0
0,4,0,0,0
9,4,1,0,0
4,7,0,1,0
4,0,0,0,0
3,14,0,1,0
4,7,0,1,0
9,4,1,0,0
77,4,1,0,0
13,4,1,0,0
5,4,0,0,0
3,12,0,1,0
4,27,0,1,0
3,7,0,1,0
11,4,1,0,0
0,4,0,0,0
18,4,1,0,0
4,4,0,0,0
4,12,0,1,0
3,28,0,1,0
4,9,0,1,0
3,5,0,0,0
0,4,0,0,0
20,4,1,0,0
6,5,0,0,0
3,11,0,1,0
4,20,0,1,0
3,7,0,1,0
20,4,1,0,0
170,4,1,0,0
8,4,1,0,0
5,5,0,0,0
4,16,0,1,0
3,17,0,1,0
4,8,0,1,0
8,4,1,0,0
0,4,0,0,0
7,4,1,0,0
5,6,0,0,0
3,21,0,1,0
4,11,0,1,0
5,6,0,0,0
11,4,1,0,0
0,4,0,0,0
14,5,1,0,0
10,7,1,1,0
3,17,0,1,0
4,18,0,1,0
3,9,0,1,0
4,6,0,0,0
9,3,1,0,0
8,4,1,0,0
11,4,1,0,0
8,4,1,0,0
9,5,1,0,0
4,7,0,1,0
4,6,0,0,0
4,4,0,0,0
8,4,1,0,0
7,4,1,0,0
4,4,0,0,0
4,10,0,1,0
4,13,0,1,0
4,5,0,0,0
4,4,0,0,0
15,4,1,0,0
8,4,1,0,0
4,4,0,0,0
4,10,0,1,0
4,10,0,1,0
4,5,0,0,0
7,4,1,0,0
22,4,1,0,0
15,4,1,0,0
4,5,0,0,0
5,17,0,1,0
4,20,0,1,0
4,8,0,1,0
0,5,0,0,0
0,4,0,0,0
15,4,1,0,0
8,4,1,0,0
4,7,0,1,0
4,23,0,1,0
4,11,0,1,0
5,7,0,1,0
0,4,0,0,0
0,4,0,0,0
7,5,1,0,0
4,7,0,1,0
4,81,0,1,0
4,7,0,1,0
4,4,0,0,0
0,4,0,0,0
13,4,1,0,0
5,6,0,0,0
4,17,0,1,0
4,14,0,1,0
4,6,0,0,0
13,4,1,0,0
0,4,0,0,0
8,4,1,0,0
4,7,0,1,0
3,0,0,0,0
4,7,0,1,0
4,4,0,0,0
0,4,0,0,0
8,4,1,0,0
6,5,0,0,0
4,16,0,1,0
3,9,0,1,0
4,6,0,0,0
0,4,0,0,0
26,4,1,0,0
17,4,1,0,0
8,7,1,1,0
4,49,0,1,0
3,25,0,1,0
4,8,0,1,0
5,4,0,0,0
0,4,0,0,0
18,3,1,0,0
16,4,1,0,0
14,6,1,0,0
5,12,0,1,0
4,0,0,0,0
4,8,0,1,0
19,4,1,0,0
0,4,0,0,0
13,4,1,0,0
6,5,0,0,0
4,12,0,1,0
4,15,0,1,0
3,5,0,0,0
11,3,1,0,0
173,4,1,0,0
6,4,0,0,0
4,6,0,0,0
4,22,0,1,0
4,6,0,0,0
8,4,1,0,0
123,4,1,0,0
14,4,1,0,0
6,6,0,0,0
3,66,0,1,0
3,17,0,1,0
4,6,0,0,0
16,4,1,0,0
0,4,0,0,0
12,4,1,0,0
5,6,0,0,0
4,0,0,0,0
4,13,0,1,0
4,60,0,1,0
10,4,1,0,0
62,4,1,0,0
11,4,1,0,0
4,6,0,0,0
4,123,0,1,0
4,11,0,1,0
4,5,0,0,0
0,4,0,0,0
25,4,1,0,0
7,4,1,0,0
4,7,0,1,0
3,25,0,1,0
4,7,0,1,0
0,4,0,0,0
0,4,0,0,0
10,5,1,0,0
4,7,0,1,0
4,19,0,1,0
3,18,0,1,0
4,8,0,1,0
5,6,0,0,0
0,4,0,0,0
24,4,1,0,0
10,4,1,0,0
5,5,0,0,0
4,15,0,1,0
3,14,0,1,0
4,61,0,1,0
8,4,1,0,0
0,4,0,0,0
19,4,1,0,0
14,5,1,0,0
10,9,1,1,0
4,147,0,1,0
3,20,0,1,0
3,5,0,0,0
8,4,1,0,0
0,4,0,0,0
19,3,1,0,0
14,4,1,0,0
7,6,1,0,0
4,15,0,1,0
4,19,0,1,0
4,6,0,0,0
5,4,0,0,0
97,4,1,0,0
19,4,1,0,0
16,4,1,0,0
11,7,1,1,0
6,10,0,1,0
4,44,0,1,0
4,22,0,1,0
4,7,0,1,0
0,4,0,0,0
108,3,1,0,0
18,4,1,0,0
15,6,1,0,0
4,8,0,1,0
4,52,0,1,0
4,0,0,0,0
5,9,0,1,0
6,5,0,0,0
16,4,1,0,0
7,4,1,0,0
4,3,0,0,0
4,4,0,0,0
4,10,0,1,0
4,11,0,1,0
4,6,0,0,0
5,4,0,0,0
10,4,1,0,0
15,4,1,0,0
13,4,1,0,0
5,4,0,0,0
5,6,0,0,0
4,20,0,1,0
3,8,0,1,0
5,4,0,0,0
0,4,0,0,0
20,4,1,0,0
12,4,1,0,0
5,6,0,0,0
4,17,0,1,0
4,17,0,1,0
3,7,0,1,0
7,4,1,0,0
0,4,0,0,0
17,4,1,0,0
14,5,1,0,0
5,11,0,1,0
4,0,0,0,0
3,9,0,1,0
3,8,0,1,0
7,4,1,0,0
0,4,0,0,0
21,4,1,0,0
13,4,1,0,0
6,6,0,0,0
3,181,0,1,0
3,15,0,1,0
4,7,0,1,0
21,4,1,0,0
0,3,0,0,0
20,4,1,0,0
10,4,1,0,0
6,8,0,1,0
4,0,0,0,0
3,15,0,1,0
4,8,0,1,0
9,4,1,0,0
0,4,0,0,0
26,4,1,0,0
11,6,1,0,0
4,11,0,1,0
3,156,0,1,0
4,9,0,1,0
18,4,1,0,0
0,3,0,0,0
21,4,1,0,0
14,5,1,0,0
7,7,1,1,0
4,18,0,1,0
4,15,0,1,0
4,6,0,0,0
0,4,0,0,0
18,4,1,0,0
16,4,1,0,0
6,6,0,0,0
4,12,0,1,0
4,0,0,0,0
4,8,0,1,0
7,4,1,0,0
0,4,0,0,0
18,4,1,0,0
8,4,1,0,0
4,8,0,1,0
4,26,0,1,0
3,7,0,1,0
4,4,0,0,0
0,4,0,0,0
20,4,1,0,0
11,5,1,0,0
4,9,0,1,0
4,0,0,0,0
4,8,0,1,0
3,5,0,0,0
0,4,0,0,0
20,4,1,0,0
12,5,1,0,0
8,7,1,1,0
4,0,0,0,0
4,24,0,1,0
4,7,0,1,0
0,3,0,0,0
25,4,1,0,0
8,4,1,0,0
3,7,0,1,0
4,0,0,0,0
3,20,0,1,0
6,5,0,0,0
12,4,1,0,0
0,4,0,0,0
16,7,1,1,0
6,11,0,1,0
4,0,0,0,0
4,17,0,1,0
4,7,0,1,0
0,4,0,0,0
26,5,1,0,0
9,5,1,0,0
4,9,0,1,0
4,169,0,1,0
4,11,0,1,0
4,5,0,0,0
0,4,0,0,0
23,4,1,0,0
8,4,1,0,0
4,8,0,1,0
4,0,0,0,0
4,11,0,1,0
5,5,0,0,0
0,3,0,0,0
23,4,1,0,0
8,4,1,0,0
4,8,0,1,0
3,0,0,0,0
4,14,0,1,0
8,7,1,1,0
0,4,0,0,0
25,4,1,0,0
15,5,1,0,0
7,6,1,0,0
4,12,0,1,0
4,27,0,1,0
6,7,0,1,0
10,3,1,0,0
0,3,0,0,0
13,4,1,0,0
7,4,1,0,0
4,9,0,1,0
4,23,0,1,0
4,15,0,1,0
4,16,0,1,0
5,5,0,0,0
5,3,0,0,0
0,3,0,0,0
8,4,1,0,0
7,4,1,0,0
4,9,0,1,0
5,16,0,1,0
5,9,0,1,0
5,4,0,0,0
0,4,0,0,0
22,4,1,0,0
6,4,0,0,0
4,12,0,1,0
5,26,0,1,0
4,7,0,1,0
5,4,0,0,0
0,4,0,0,0
8,4,1,0,0
5,5,0,0,0
4,18,0,1,0
4,17,0,1,0
3,5,0,0,0
0,4,0,0,0
22,4,1,0,0
7,4,1,0,0
5,8,0,1,0
3,26,0,1,0
4,9,0,1,0
12,4,1,0,0
0,4,0,0,0
11,4,1,0,0
5,5,0,0,0
4,34,0,1,0
4,20,0,1,0
6,7,0,1,0
26,4,1,0,0
0,4,0,0,0
13,5,1,0,0
6,6,0,0,0
4,19,0,1,0
3,22,0,1,0
5,8,0,1,0
16,3,1,0,0
0,3,0,0,0
14,4,1,0,0
5,5,0,0,0
4,14,0,1,0
4,19,0,1,0
4,8,0,1,0
7,4,1,0,0
0,3,0,0,0
19,4,1,0,0
14,5,1,0,0
6,6,0,0,0
3,17,0,1,0
4,19,0,1,0
11,5,1,0,0
14,4,1,0,0
0,3,0,0,0
11,4,1,0,0
5,7,0,1,0
4,37,0,1,0
3,19,0,1,0
4,5,0,0,0
9,4,1,0,0
0,3,0,0,0
9,4,1,0,0
4,6,0,0,0
3,0,0,0,0
3,7,0,1,0
4,4,0,0,0
0,4,0,0,0
6,4,0,0,0
4,5,0,0,0
4,18,0,1,0
4,13,0,1,0
4,6,0,0,0
5,4,0,0,0
0,4,0,0,0
16,4,1,0,0
5,5,0,0,0
4,7,0,1,0
4,17,0,1,0
4,6,0,0,0
4,4,0,0,0
64,4,1,0,0
13,4,1,0,0
5,4,0,0,0
4,11,0,1,0
3,14,0,1,0
3,5,0,0,0
10,4,1,0,0
22,4,1,0,0
9,4,1,0,0
4,6,0,0,0
4,19,0,1,0
4,6,0,0,0
9,4,1,0,0
26,4,1,0,0
19,4,1,0,0
8,4,1,0,0
5,9,0,1,0
4,22,0,1,0
4,6,0,0,0
11,4,1,0,0
24,4,1,0,0
15,4,1,0,0
16,6,1,0,0
14,8,1,1,0
6,10,0,1,0
4,65,0,1,0
3,27,0,1,0
4,7,0,1,0
9,9,1,1,0
0,4,0,0,0
21,4,1,0,0
10,4,1,0,0
13,4,1,0,0
5,8,0,1,0
4,0,0,0,0
3,15,0,1,0
5,9,0,1,0
8,4,1,0,0
0,3,0,0,0
9,4,1,0,0
6,5,0,0,0
4,10,0,1,0
4,0,0,0,0
3,9,0,1,0
4,7,0,1,0
11,4,1,0,0
0,4,0,0,0
7,4,1,0,0
4,5,0,0,0
4,18,0,1,0
4,11,0,1,0
4,6,0,0,0
8,4,1,0,0
17,4,1,0,0
6,4,0,0,0
5,4,0,0,0
4,8,0,1,0
5,15,0,1,0
4,11,0,1,0
4,9,0,1,0
6,4,0,0,0
10,4,1,0,0
17,4,1,0,0
12,3,1,0,0
0,3,0,0,0
4,3,0,0,0
4,4,0,0,0
4,4,0,0,0
133,4,1,0,0
19,5,1,0,0
7,6,1,0,0
4,12,0,1,0
4,23,0,1,0
3,8,0,1,0
7,4,1,0,0
17,4,1,0,0
16,4,1,0,0
10,5,1,0,0
4,6,0,0,0
3,6,0,0,0
3,20,0,1,0
4,7,0,1,0
3,4,0,0,0
18,4,1,0,0
37,4,1,0,0
9,4,1,0,0
4,5,0,0,0
4,7,0,1,0
4,13,0,1,0
4,7,0,1,0
4,5,0,0,0
12,3,1,0,0
14,4,1,0,0
7,4,1,0,0
4,5,0,0,0
3,17,0,1,0
3,9,0,1,0
4,5,0,0,0
10,4,1,0,0
16,4,1,0,0
10,4,1,0,0
4,5,0,0,0
4,19,0,1,0
4,10,0,1,0
3,6,0,0,0
24,4,1,0,0
0,4,0,0,0
12,5,1,0,0
10,5,1,0,0
7,7,1,1,0
4,13,0,1,0
4,24,0,1,0
4,10,0,1,0
4,24,0,1,0
11,4,1,0,0
20,4,1,0,0
9,4,1,0,0
14,5,1,0,0
6,9,0,1,0
5,77,0,1,0
4,11,0,1,0
4,23,0,1,0
6,5,0,0,0
106,4,1,0,0
15,4,1,0,0
8,4,1,0,0
5,5,0,0,0
4,13,0,1,0
3,18,0,1,0
3,59,0,1,0
6,5,0,0,0
119,3,1,0,0
11,4,1,0,0
7,5,1,0,0
3,9,0,1,0
3,17,0,1,0
3,8,0,1,0
4,5,0,0,0
108,4,1,0,0
20,4,1,0,0
9,4,1,0,0
4,7,0,1,0
3,155,0,1,0
4,11,0,1,0
3,8,0,1,0
12,3,1,0,0
0,4,0,0,0
14,4,1,0,0
5,6,0,0,0
4,16,0,1,0
3,22,0,1,0
3,7,0,1,0
6,5,0,0,0
0,4,0,0,0
26,3,1,0,0
7,4,1,0,0
3,11,0,1,0
3,20,0,1,0
4,8,0,1,0
3,4,0,0,0
0,4,0,0,0
0,4,0,0,0
8,4,1,0,0
3,6,0,0,0
4,19,0,1,0
4,14,0,1,0
4,6,0,0,0
10,4,1,0,0
20,4,1,0,0
6,4,0,0,0
4,4,0,0,0
4,16,0,1,0
4,12,0,1,0
3,7,0,1,0
14,4,1,0,0
0,4,0,0,0
8,4,1,0,0
4,5,0,0,0
4,19,0,1,0
4,7,0,1,0
4,4,0,0,0
0,4,0,0,0
8,4,1,0,0
6,5,0,0,0
4,18,0,1,0
3,10,0,1,0
4,6,0,0,0
8,3,1,0,0
41,4,1,0,0
14,4,1,0,0
7,4,1,0,0
4,12,0,1,0
4,19,0,1,0
4,9,0,1,0
5,7,0,1,0
0,4,0,0,0
20,4,1,0,0
15,4,1,0,0
16,6,1,0,0
7,8,1,1,0
4,0,0,0,0
4,20,0,1,0
4,8,0,1,0
4,9,0,1,0
0,4,0,0,0
58,4,1,0,0
17,4,1,0,0
12,4,1,0,0
13,5,1,0,0
3,9,0,1,0
3,72,0,1,0
4,12,0,1,0
4,7,0,1,0
4,5,0,0,0
0,4,0,0,0
15,4,1,0,0
13,4,1,0,0
13,5,1,0,0
7,5,1,0,0
3,11,0,1,0
4,20,0,1,0
4,8,0,1,0
3,5,0,0,0
9,4,1,0,0
144,4,1,0,0
17,4,1,0,0
14,6,1,0,0
6,9,0,1,0
4,20,0,1,0
3,22,0,1,0
3,8,0,1,0
3,5,0,0,0
0,4,0,0,0
0,3,0,0,0
11,4,1,0,0
8,5,1,0,0
4,11,0,1,0
4,0,0,0,0
4,7,0,1,0
3,5,0,0,0
0,3,0,0,0
0,4,0,0,0
14,4,1,0,0
4,8,0,1,0
4,22,0,1,0
4,10,0,1,0
4,58,0,1,0
8,4,1,0,0
0,4,0,0,0
16,4,1,0,0
10,5,1,0,0
4,9,0,1,0
4,24,0,1,0
4,14,0,1,0
5,12,0,1,0
4,6,0,0,0
5,3,0,0,0
7,4,1,0,0
10,4,1,0,0
6,4,0,0,0
9,4,1,0,0
5,6,0,0,0
3,14,0,1,0
4,10,0,1,0
4,7,0,1,0
5,5,0,0,0
32,4,1,0,0
20,4,1,0,0
6,4,0,0,0
4,8,0,1,0
6,5,0,0,0
100,4,1,0,0
23,4,1,0,0
13,4,1,0,0
5,7,0,1,0
3,118,0,1,0
3,17,0,1,0
4,8,0,1,0
10,4,1,0,0
27,4,1,0,0
15,4,1,0,0
10,5,1,0,0
5,12,0,1,0
4,154,0,1,0
3,10,0,1,0
5,5,0,0,0
0,4,0,0,0
20,4,1,0,0
10,4,1,0,0
5,7,0,1,0
3,0,0,0,0
3,15,0,1,0
3,7,0,1,0
5,4,0,0,0
78,3,1,0,0
21,4,1,0,0
8,6,1,0,0
3,10,0,1,0
4,101,0,1,0
3,14,0,1,0
3,7,0,1,0
11,4,1,0,0
85,3,1,0,0
14,4,1,0,0
5,5,0,0,0
4,12,0,1,0
4,17,0,1,0
4,7,0,1,0
3,4,0,0,0
96,4,1,0,0
18,4,1,0,0
8,5,1,0,0
4,11,0,1,0
4,20,0,1,0
4,8,0,1,0
4,6,0,0,0
16,4,1,0,0
0,4,0,0,0
7,4,1,0,0
4,8,0,1,0
4,20,0,1,0
3,7,0,1,0
4,4,0,0,0
0,4,0,0,0
16,3,1,0,0
7,5,1,0,0
4,9,0,1,0
4,20,0,1,0
4,14,0,1,0
4,6,0,0,0
8,4,1,0,0
95,3,1,0,0
9,4,1,0,0
4,7,0,1,0
4,22,0,1,0
3,12,0,1,0
4,4,0,0,0
10,4,1,0,0
21,4,1,0,0
9,4,1,0,0
5,4,0,0,0
4,7,0,1,0
3,11,0,1,0
3,5,0,0,0
4,4,0,0,0
19,4,1,0,0
8,4,1,0,0
4,5,0,0,0
4,17,0,1,0
4,12,0,1,0
3,6,0,0,0
10,4,1,0,0
0,4,0,0,0
7,4,1,0,0
4,6,0,0,0
4,0,0,0,0
4,10,0,1,0
5,5,0,0,0
0,4,0,0,0
12,4,1,0,0
7,5,1,0,0
4,16,0,1,0
4,15,0,1,0
3,6,0,0,0
7,4,1,0,0
0,4,0,0,0
11,5,1,0,0
5,7,0,1,0
4,169,0,1,0
4,13,0,1,0
4,7,0,1,0
11,4,1,0,0
0,4,0,0,0
12,4,1,0,0
6,5,0,0,0
4,15,0,1,0
4,18,0,1,0
4,7,0,1,0
3,3,0,0,0
16,4,1,0,0
14,4,1,0,0
10,4,1,0,0
3,5,0,0,0
4,13,0,1,0
3,12,0,1,0
4,5,0,0,0
0,4,0,0,0
21,4,1,0,0
8,4,1,0,0
4,7,0,1,0
3,22,0,1,0
3,12,0,1,0
4,5,0,0,0
8,4,1,0,0
12,3,1,0,0
16,4,1,0,0
10,4,1,0,0
5,4,0,0,0
4,7,0,1,0
5,7,0,1,0
4,4,0,0,0
7,4,1,0,0
14,4,1,0,0
10,4,1,0,0
5,3,0,0,0
3,6,0,0,0
3,16,0,1,0
4,7,0,1,0
4,5,0,0,0
0,4,0,0,0
23,3,1,0,0
11,4,1,0,0
5,5,0,0,0
4,11,0,1,0
4,20,0,1,0
4,7,0,1,0
4,4,0,0,0
17,4,1,0,0
16,4,1,0,0
8,5,1,0,0
4,7,0,1,0
4,21,0,1,0
4,8,0,1,0
4,4,0,0,0
20,4,1,0,0
18,4,1,0,0
7,4,1,0,0
4,11,0,1,0
3,15,0,1,0
4,7,0,1,0
3,4,0,0,0
0,4,0,0,0
17,4,1,0,0
12,4,1,0,0
12,6,1,0,0
9,10,1,1,0
5,50,0,1,0
4,19,0,1,0
4,7,0,1,0
5,4,0,0,0
0,4,0,0,0
12,4,1,0,0
9,5,1,0,0
9,8,1,1,0
3,0,0,0,0
3,20,0,1,0
4,7,0,1,0
9,5,1,0,0
87,4,1,0,0
14,4,1,0,0
9,6,1,0,0
4,10,0,1,0
4,43,0,1,0
4,13,0,1,0
4,8,0,1,0
14,4,1,0,0
0,4,0,0,0
10,4,1,0,0
6,6,0,0,0
4,14,0,1,0
3,25,0,1,0
3,7,0,1,0
6,5,0,0,0
0,4,0,0,0
14,4,1,0,0
9,5,1,0,0
4,10,0,1,0
4,23,0,1,0
3,10,0,1,0
4,22,0,1,0
8,4,1,0,0
8,3,1,0,0
9,4,1,0,0
4,6,0,0,0
4,19,0,1,0
4,12,0,1,0
4,7,0,1,0
6,4,0,0,0
27,4,1,0,0
14,4,1,0,0
5,7,0,1,0
4,50,0,1,0
4,13,0,1,0
4,7,0,1,0
8,4,1,0,0
23,4,1,0,0
15,5,1,0,0
13,8,1,1,0
4,128,0,1,0
4,123,0,1,0
3,7,0,1,0
5,4,0,0,0
0,4,0,0,0
13,5,1,0,0
8,6,1,0,0
4,33,0,1,0
4,21,0,1,0
4,6,0,0,0
9,4,1,0,0
167,4,1,0,0
8,4,1,0,0
4,7,0,1,0
4,89,0,1,0
4,11,0,1,0
3,5,0,0,0
0,4,0,0,0
16,4,1,0,0
8,5,1,0,0
4,10,0,1,0
4,24,0,1,0
3,7,0,1,0
4,4,0,0,0
85,3,1,0,0
19,4,1,0,0
6,6,0,0,0
4,18,0,1,0
4,15,0,1,0
3,9,0,1,0
8,4,1,0,0
25,4,1,0,0
9,4,1,0,0
4,7,0,1,0
4,25,0,1,0
4,9,0,1,0
3,5,0,0,0
0,4,0,0,0
15,4,1,0,0
6,5,0,0,0
3,14,0,1,0
3,13,0,1,0
4,7,0,1,0
12,4,1,0,0
22,4,1,0,0
5,5,0,0,0
4,8,0,1,0
3,151,0,1,0
3,10,0,1,0
4,5,0,0,0
0,3,0,0,0
9,4,1,0,0
5,5,0,0,0
3,16,0,1,0
4,13,0,1,0
3,6,0,0,0
10,4,1,0,0
19,4,1,0,0
6,5,0,0,0
4,11,0,1,0
3,17,0,1,0
4,7,0,1,0
5,5,0,0,0
0,4,0,0,0
5,4,0,0,0
4,12,0,1,0
3,12,0,1,0
3,9,0,1,0
7,5,1,0,0
6,4,0,0,0
4,12,0,1,0
4,13,0,1,0
3,7,0,1,0
6,4,0,0,0
18,4,1,0,0
8,4,1,0,0
5,4,0,0,0
4,5,0,0,0
4,14,0,1,0
4,12,0,1,0
3,5,0,0,0
5,4,0,0,0
11,4,1,0,0
6,5,0,0,0
4,5,0,0,0
3,16,0,1,0
4,8,0,1,0
4,4,0,0,0
10,3,1,0,0
20,4,1,0,0
6,4,0,0,0
4,5,0,0,0
4,15,0,1,0
4,7,0,1,0
4,4,0,0,0
14,4,1,0,0
30,4,1,0,0
6,4,0,0,0
5,5,0,0,0
4,10,0,1,0
4,6,0,0,0
5,4,0,0,0
7,4,1,0,0
5,4,0,0,0
5,6,0,0,0
4,10,0,1,0
4,7,0,1,0
5,4,0,0,0
20,4,1,0,0
14,4,1,0,0
6,4,0,0,0
4,10,0,1,0
3,17,0,1,0
4,9,0,1,0
4,7,0,1,0
56,4,1,0,0
18,4,1,0,0
16,5,1,0,0
12,6,1,0,0
7,9,1,1,0
4,158,0,1,0
4,12,0,1,0
3,7,0,1,0
6,4,0,0,0
100,4,1,0,0
13,4,1,0,0
12,6,1,0,0
4,13,0,1,0
3,22,0,1,0
4,8,0,1,0
6,6,0,0,0
89,4,1,0,0
13,4,1,0,0
12,5,1,0,0
8,9,1,1,0
3,49,0,1,0
4,14,0,1,0
3,9,0,1,0
10,4,1,0,0
84,3,1,0,0
13,4,1,0,0
9,7,1,1,0
4,139,0,1,0
4,158,0,1,0
3,7,0,1,0
12,4,1,0,0
15,4,1,0,0
9,4,1,0,0
5,8,0,1,0
4,0,0,0,0
4,11,0,1,0
4,7,0,1,0
0,4,0,0,0
16,4,1,0,0
8,4,1,0,0
4,6,0,0,0
4,19,0,1,0
4,10,0,1,0
5,7,0,1,0
15,4,1,0,0
20,4,1,0,0
6,4,0,0,0
4,6,0,0,0
4,10,0,1,0
4,7,0,1,0
6,4,0,0,0
0,4,0,0,0
8,4,1,0,0
5,5,0,0,0
4,14,0,1,0
3,11,0,1,0
5,6,0,0,0
0,4,0,0,0
14,4,1,0,0
12,5,1,0,0
6,6,0,0,0
4,16,0,1,0
4,13,0,1,0
4,6,0,0,0
0,4,0,0,0
15,4,1,0,0
6,5,0,0,0
5,7,0,1,0
4,25,0,1,0
4,9,0,1,0
3,5,0,0,0
11,4,1,0,0
9,3,1,0,0
6,5,0,0,0
4,10,0,1,0
4,17,0,1,0
3,5,0,0,0
6,4,0,0,0
0,4,0,0,0
6,4,0,0,0
4,6,0,0,0
4,74,0,1,0
4,7,0,1,0
9,4,1,0,0
0,4,0,0,0
10,5,1,0,0
5,6,0,0,0
4,0,0,0,0
4,12,0,1,0
3,6,0,0,0
0,4,0,0,0
16,4,1,0,0
6,5,0,0,0
3,12,0,1,0
4,16,0,1,0
3,8,0,1,0
7,4,1,0,0
0,4,0,0,0
8,4,1,0,0
4,6,0,0,0
4,18,0,1,0
3,7,0,1,0
4,4,0,0,0
130,4,1,0,0
21,4,1,0,0
5,6,0,0,0
4,0,0,0,0
4,19,0,1,0
4,6,0,0,0
11,4,1,0,0
67,4,1,0,0
10,5,1,0,0
4,9,0,1,0
3,0,0,0,0
4,5,0,0,0
5,3,0,0,0
0,4,0,0,0
11,4,1,0,0
6,5,0,0,0
3,0,0,0,0
3,14,0,1,0
4,5,0,0,0
0,4,0,0,0
0,4,0,0,0
6,4,0,0,0
4,6,0,0,0
4,94,0,1,0
4,14,0,1,0
4,9,0,1,0
11,5,1,0,0
13,5,1,0,0
13,4,1,0,0
6,5,0,0,0
5,6,0,0,0
4,6,0,0,0
4,11,0,1,0
4,10,0,1,0
4,7,0,1,0
4,5,0,0,0
12,4,1,0,0
0,4,0,0,0
13,5,1,0,0
5,7,0,1,0
4,19,0,1,0
5,19,0,1,0
7,6,1,0,0
0,4,0,0,0
26,4,1,0,0
6,5,0,0,0
4,8,0,1,0
4,0,0,0,0
4,7,0,1,0
4,5,0,0,0
44,4,1,0,0
12,4,1,0,0
6,4,0,0,0
4,11,0,1,0
3,17,0,1,0
4,7,0,1,0
8,4,1,0,0
103,4,1,0,0
7,4,1,0,0
4,7,0,1,0
3,24,0,1,0
4,6,0,0,0
11,4,1,0,0
0,4,0,0,0
5,4,0,0,0
4,5,0,0,0
4,9,0,1,0
4,5,0,0,0
5,4,0,0,0
21,4,1,0,0
6,5,0,0,0
4,10,0,1,0
4,18,0,1,0
4,6,0,0,0
6,4,0,0,0
12,4,1,0,0
5,4,0,0,0
4,5,0,0,0
4,14,0,1,0
4,6,0,0,0
0,4,0,0,0
11,5,1,0,0
4,6,0,0,0
4,18,0,1,0
4,5,0,0,0
9,4,1,0,0
14,4,1,0,0
5,6,0,0,0
4,17,0,1,0
3,16,0,1,0
4,7,0,1,0
7,4,1,0,0
64,4,1,0,0
20,4,1,0,0
9,6,1,0,0
7,9,1,1,0
4,28,0,1,0
4,12,0,1,0
3,9,0,1,0
12,4,1,0,0
24,4,1,0,0
10,4,1,0,0
10,6,1,0,0
4,90,0,1,0
4,18,0,1,0
4,6,0,0,0
9,4,1,0,0
0,4,0,0,0
7,5,1,0,0
6,7,0,1,0
4,100,0,1,0
3,12,0,1,0
5,6,0,0,0
13,4,1,0,0
0,4,0,0,0
11,4,1,0,0
6,6,0,0,0
4,17,0,1,0
4,11,0,1,0
4,6,0,0,0
8,4,1,0,0
83,4,1,0,0
7,4,1,0,0
6,4,0,0,0
4,14,0,1,0
4,13,0,1,0
3,7,0,1,0
7,4,1,0,0
49,4,1,0,0
7,4,1,0,0
4,5,0,0,0
5,26,0,1,0
3,10,0,1,0
4,8,0,1,0
94,4,1,0,0
19,4,1,0,0
13,5,1,0,0
10,6,1,0,0
4,11,0,1,0
4,40,0,1,0
4,12,0,1,0
4,5,0,0,0
63,4,1,0,0
22,5,1,0,0
6,5,0,0,0
4,15,0,1,0
5,17,0,1,0
6,6,0,0,0
84,4,1,0,0
22,4,1,0,0
7,4,1,0,0
3,10,0,1,0
4,0,0,0,0
4,8,0,1,0
7,10,1,1,0
34,4,1,0,0
18,4,1,0,0
7,4,1,0,0
4,7,0,1,0
4,156,0,1,0
4,12,0,1,0
4,8,0,1,0
0,5,0,0,0
57,3,1,0,0
10,4,1,0,0
7,5,1,0,0
4,10,0,1,0
4,21,0,1,0
4,8,0,1,0
4,5,0,0,0
97,4,1,0,0
16,3,1,0,0
6,4,0,0,0
4,6,0,0,0
4,0,0,0,0
4,20,0,1,0
4,9,0,1,0
4,5,0,0,0
10,4,1,0,0
17,4,1,0,0
5,4,0,0,0
4,6,0,0,0
3,16,0,1,0
4,10,0,1,0
3,8,0,1,0
6,4,0,0,0
0,4,0,0,0
9,4,1,0,0
4,5,0,0,0
4,0,0,0,0
4,8,0,1,0
4,4,0,0,0
0,4,0,0,0
8,4,1,0,0
5,4,0,0,0
4,13,0,1,0
3,11,0,1,0
4,5,0,0,0
7,3,1,0,0
0,4,0,0,0
5,4,0,0,0
4,5,0,0,0
4,0,0,0,0
4,10,0,1,0
4,4,0,0,0
0,4,0,0,0
7,4,1,0,0
5,5,0,0,0
5,17,0,1,0
4,12,0,1,0
4,5,0,0,0
7,4,1,0,0
94,4,1,0,0
10,4,1,0,0
7,4,1,0,0
4,9,0,1,0
4,21,0,1,0
4,6,0,0,0
3,4,0,0,0
0,4,0,0,0
8,4,1,0,0
5,4,0,0,0
4,17,0,1,0
4,11,0,1,0
4,4,0,0,0
0,4,0,0,0
6,4,0,0,0
3,5,0,0,0
4,0,0,0,0
4,9,0,1,0
3,5,0,0,0
0,4,0,0,0
12,4,1,0,0
7,4,1,0,0
5,10,0,1,0
3,0,0,0,0
3,8,0,1,0
4,5,0,0,0
18,3,1,0,0
17,4,1,0,0
11,5,1,0,0
14,9,1,1,0
5,17,0,1,0
4,0,0,0,0
4,18,0,1,0
6,12,0,1,0
9,62,1,1,0
0,5,0,0,0
0,4,0,0,0
18,4,1,0,0
10,4,1,0,0
6,5,0,0,0
4,9,0,1,0
4,18,0,1,0
4,13,0,1,0
4,9,0,1,0
4,6,0,0,0
15,4,1,0,0
21,4,1,0,0
12,4,1,0,0
13,4,1,0,0
4,8,0,1,0
4,18,0,1,0
4,14,0,1,0
4,63,0,1,0
10,4,1,0,0
0,4,0,0,0
22,5,1,0,0
8,5,1,0,0
4,11,0,1,0
4,23,0,1,0
4,10,0,1,0
4,5,0,0,0
19,4,1,0,0
0,4,0,0,0
11,5,1,0,0
5,5,0,0,0
4,14,0,1,0
4,22,0,1,0
4,6,0,0,0
8,4,1,0,0
0,4,0,0,0
9,4,1,0,0
4,5,0,0,0
3,0,0,0,0
4,11,0,1,0
3,6,0,0,0
0,3,0,0,0
0,4,0,0,0
9,4,1,0,0
4,8,0,1,0
3,64,0,1,0
4,12,0,1,0
4,6,0,0,0
0,4,0,0,0
19,4,1,0,0
8,4,1,0,0
5,6,0,0,0
3,0,0,0,0
3,11,0,1,0
5,5,0,0,0
0,4,0,0,0
17,4,1,0,0
8,4,1,0,0
4,4,0,0,0
4,20,0,1,0
4,15,0,1,0
4,7,0,1,0
7,4,1,0,0
26,4,1,0,0
19,4,1,0,0
9,4,1,0,0
4,10,0,1,0
4,22,0,1,0
3,11,0,1,0
3,6,0,0,0
44,4,1,0,0
27,4,1,0,0
12,5,1,0,0
6,6,0,0,0
5,13,0,1,0
4,24,0,1,0
4,9,0,1,0
4,8,0,1,0
16,4,1,0,0
158,4,1,0,0
8,5,1,0,0
5,6,0,0,0
3,13,0,1,0
3,21,0,1,0
3,7,0,1,0
5,4,0,0,0
0,4,0,0,0
13,5,1,0,0
10,6,1,0,0
4,10,0,1,0
3,20,0,1,0
3,15,0,1,0
4,10,0,1,0
4,5,0,0,0
19,4,1,0,0
23,4,1,0,0
42,4,1,0,0
9,3,1,0,0
4,5,0,0,0
4,9,0,1,0
4,11,0,1,0
3,10,0,1,0
4,6,0,0,0
4,4,0,0,0
11,4,1,0,0
15,4,1,0,0
8,4,1,0,0
5,5,0,0,0
5,0,0,0,0
4,14,0,1,0
4,7,0,1,0
4,4,0,0,0
18,4,1,0,0
11,4,1,0,0
6,5,0,0,0
5,9,0,1,0
3,14,0,1,0
4,7,0,1,0
4,4,0,0,0
20,4,1,0,0
6,4,0,0,0
4,5,0,0,0
4,15,0,1,0
4,7,0,1,0
4,4,0,0,0
14,4,1,0,0
30,4,1,0,0
6,4,0,0,0
5,5,0,0,0
4,10,0,1,0
4,6,0,0,0
5,4,0,0,0
7,4,1,0,0
5,4,0,0,0
5,6,0,0,0
4,10,0,1,0
4,7,0,1,0
5,4,0,0,0
20,4,1,0,0
14,4,1,0,0
6,4,0,0,0
4,10,0,1,0
3,17,0,1,0
4,9,0,1,0
4,7,0,1,0
56,4,1,0,0
18,4,1,0,0
16,5,1,0,0
12,6,1,0,0
7,9,1,1,0
4,158,0,1,0
4,12,0,1,0
3,7,0,1,0
6,4,0,0,0
100,4,1,0,0
13,4,1,0,0
12,6,1,0,0
4,13,0,1,0
3,22,0,1,0
4,8,0,1,0
6,6,0,0,0
89,4,1,0,0
13,4,1,0,0
12,5,1,0,0
8,9,1,1,0
3,49,0,1,0
4,14,0,1,0
3,9,0,1,0
10,4,1,0,0
84,3,1,0,0
13,4,1,0,0
9,7,1,1,0
4,139,0,1,0
4,158,0,1,0
3,7,0,1,0
12,4,1,0,0
15,4,1,0,0
9,4,1,0,0
5,8,0,1,0
4,0,0,0,0
4,11,0,1,0
4,7,0,1,0
0,4,0,0,0
16,4,1,0,0
8,4,1,0,0
4,6,0,0,0
4,19,0,1,0
4,10,0,1,0
5,7,0,1,0
15,4,1,0,0
20,4,1,0,0
6,4,0,0,0
4,6,0,0,0
4,10,0,1,0
4,7,0,1,0
6,4,0,0,0
0,4,0,0,0
8,4,1,0,0
5,5,0,0,0
4,14,0,1,0
3,11,0,1,0
5,6,0,0,0
0,4,0,0,0
14,4,1,0,0
12,5,1,0,0
6,6,0,0,0
4,16,0,1,0
4,13,0,1,0
4,6,0,0,0
0,4,0,0,0
15,4,1,0,0
6,5,0,0,0
3,7,0,1,0
3,21,0,1,0
4,7,0,1,0
4,5,0,0,0
66,4,1,0,0
11,4,1,0,0
4,4,0,0,0
4,21,0,1,0
3,10,0,1,0
3,8,0,1,0
12,4,1,0,0
44,4,1,0,0
9,4,1,0,0
4,5,0,0,0
4,87,0,1,0
4,10,0,1,0
4,6,0,0,0
0,4,0,0,0
21,4,1,0,0
15,4,1,0,0
12,7,1,1,0
4,13,0,1,0
3,162,0,1,0
4,7,0,1,0
4,4,0,0,0
95,4,1,0,0
10,4,1,0,0
5,6,0,0,0
4,17,0,1,0
3,11,0,1,0
3,7,0,1,0
37,4,1,0,0
16,4,1,0,0
7,4,1,0,0
4,9,0,1,0
4,17,0,1,0
3,7,0,1,0
5,6,0,0,0
39,4,1,0,0
19,4,1,0,0
8,4,1,0,0
4,6,0,0,0
3,20,0,1,0
4,7,0,1,0
3,4,0,0,0
55,4,1,0,0
20,4,1,0,0
7,4,1,0,0
4,11,0,1,0
4,16,0,1,0
4,6,0,0,0
8,3,1,0,0
59,4,1,0,0
17,5,1,0,0
7,7,1,1,0
4,150,0,1,0
4,22,0,1,0
4,8,0,1,0
6,5,0,0,0
0,4,0,0,0
13,4,1,0,0
10,5,1,0,0
8,5,1,0,0
4,8,0,1,0
4,8,0,1,0
3,15,0,1,0
3,8,0,1,0
16,4,1,0,0
11,3,1,0,0
0,3,0,0,0
14,3,1,0,0
5,3,0,0,0
4,4,0,0,0
3,23,0,1,0
4,11,0,1,0
3,7,0,1,0
5,4,0,0,0
0,4,0,0,0
19,4,1,0,0
9,4,1,0,0
4,6,0,0,0
4,150,0,1,0
3,10,0,1,0
4,6,0,0,0
9,4,1,0,0
20,4,1,0,0
7,5,1,0,0
4,6,0,0,0
4,144,0,1,0
4,10,0,1,0
5,5,0,0,0
0,3,0,0,0
16,4,1,0,0
10,4,1,0,0
4,7,0,1,0
5,24,0,1,0
4,9,0,1,0
3,5,0,0,0
0,3,0,0,0
24,4,1,0,0
9,5,1,0,0
4,8,0,1,0
4,35,0,1,0
4,9,0,1,0
4,6,0,0,0
0,4,0,0,0
22,3,1,0,0
9,4,1,0,0
6,7,0,1,0
4,18,0,1,0
4,14,0,1,0
4,8,0,1,0
0,4,0,0,0
0,4,0,0,0
7,5,1,0,0
4,11,0,1,0
3,25,0,1,0
4,8,0,1,0
0,4,0,0,0
22,4,1,0,0
7,4,1,0,0
4,7,0,1,0
4,143,0,1,0
4,7,0,1,0
9,4,1,0,0
104,4,1,0,0
8,4,1,0,0
6,5,0,0,0
4,30,0,1,0
4,14,0,1,0
4,6,0,0,0
0,4,0,0,0
19,4,1,0,0
8,5,1,0,0
4,8,0,1,0
3,79,0,1,0
4,7,0,1,0
4,5,0,0,0
75,4,1,0,0
10,4,1,0,0
9,4,1,0,0
5,8,0,1,0
3,20,0,1,0
4,8,0,1,0
4,7,0,1,0
23,3,1,0,0
18,4,1,0,0
10,4,1,0,0
5,6,0,0,0
4,0,0,0,0
4,12,0,1,0
4,6,0,0,0
11,4,1,0,0
20,4,1,0,0
6,5,0,0,0
4,7,0,1,0
4,23,0,1,0
0,8,0,1,0
13,4,1,0,0
94,4,1,0,0
7,5,1,0,0
4,8,0,1,0
4,24,0,1,0
4,10,0,1,0
4,6,0,0,0
0,4,0,0,0
17,5,1,0,0
6,6,0,0,0
3,15,0,1,0
4,24,0,1,0
3,6,0,0,0
6,4,0,0,0
0,4,0,0,0
8,4,1,0,0
5,5,0,0,0
4,0,0,0,0
4,9,0,1,0
3,6,0,0,0
0,4,0,0,0
15,4,1,0,0
7,4,1,0,0
4,11,0,1,0
4,16,0,1,0
4,7,0,1,0
13,4,1,0,0
19,4,1,0,0
7,4,1,0,0
5,5,0,0,0
3,15,0,1,0
3,14,0,1,0
4,6,0,0,0
0,4,0,0,0
16,4,1,0,0
7,5,1,0,0
5,10,0,1,0
4,19,0,1,0
4,8,0,1,0
4,5,0,0,0
0,4,0,0,0
12,5,1,0,0
7,6,1,0,0
4,122,0,1,0
3,15,0,1,0
4,8,0,1,0
0,4,0,0,0
23,4,1,0,0
13,4,1,0,0
12,4,1,0,0
5,7,0,1,0
5,22,0,1,0
4,11,0,1,0
4,9,0,1,0
5,10,0,1,0
8,5,1,0,0
21,4,1,0,0
23,5,1,0,0
8,5,1,0,0
8,4,1,0,0
5,4,0,0,0
5,6,0,0,0
4,7,0,1,0
3,5,0,0,0
9,4,1,0,0
7,4,1,0,0
9,4,1,0,0
5,4,0,0,0
5,4,0,0,0
3,7,0,1,0
4,7,0,1,0
3,5,0,0,0
18,3,1,0,0
10,4,1,0,0
6,4,0,0,0
5,5,0,0,0
4,8,0,1,0
4,8,0,1,0
4,4,0,0,0
6,4,0,0,0
8,4,1,0,0
7,4,1,0,0
4,5,0,0,0
4,12,0,1,0
4,7,0,1,0
4,6,0,0,0
5,5,0,0,0
7,4,1,0,0
16,4,1,0,0
4,4,0,0,0
4,7,0,1,0
4,10,0,1,0
3,6,0,0,0
14,4,1,0,0
17,4,1,0,0
5,4,0,0,0
4,5,0,0,0
4,12,0,1,0
4,5,0,0,0
19,4,1,0,0
12,3,1,0,0
5,4,0,0,0
4,6,0,0,0
4,12,0,1,0
3,6,0,0,0
10,3,1,0,0
18,4,1,0,0
5,4,0,0,0
4,8,0,1,0
4,10,0,1,0
4,5,0,0,0
3,4,0,0,0
12,4,1,0,0
5,4,0,0,0
4,4,0,0,0
4,7,0,1,0
4,7,0,1,0
4,6,0,0,0
7,4,1,0,0
11,4,1,0,0
4,4,0,0,0
4,5,0,0,0
3,14,0,1,0
3,5,0,0,0
6,4,0,0,0
11,4,1,0,0
5,4,0,0,0
4,5,0,0,0
3,13,0,1,0
3,5,0,0,0
19,4,1,0,0
10,4,1,0,0
4,4,0,0,0
4,12,0,1,0
3,5,0,0,0
13,4,1,0,0
5,4,0,0,0
5,4,0,0,0
3,10,0,1,0
3,8,0,1,0
4,5,0,0,0
11,4,1,0,0
6,4,0,0,0
5,4,0,0,0
3,8,0,1,0
4,4,0,0,0
8,4,1,0,0
6,4,0,0,0
5,5,0,0,0
4,9,0,1,0
9,4,1,0,0
11,3,1,0,0
6,4,0,0,0
6,4,0,0,0
9,4,1,0,0
79,4,1,0,0
6,5,0,0,0
4,5,0,0,0
4,8,0,1,0
4,10,0,1,0
4,14,0,1,0
4,11,0,1,0
4,8,0,1,0
5,5,0,0,0
0,4,0,0,0
15,4,1,0,0
10,4,1,0,0
13,6,1,0,0
12,7,1,1,0
4,15,0,1,0
4,40,0,1,0
4,11,0,1,0
4,8,0,1,0
7,4,1,0,0
0,4,0,0,0
18,3,1,0,0
10,5,1,0,0
4,10,0,1,0
4,19,0,1,0
3,8,0,1,0
3,6,0,0,0
0,4,0,0,0
14,4,1,0,0
9,3,1,0,0
4,6,0,0,0
4,22,0,1,0
4,20,0,1,0
3,8,0,1,0
4,7,0,1,0
80,4,1,0,0
13,4,1,0,0
11,5,1,0,0
10,9,1,1,0
6,14,0,1,0
3,50,0,1,0
4,9,0,1,0
5,8,0,1,0
0,4,0,0,0
0,3,0,0,0
8,4,1,0,0
6,4,0,0,0
4,15,0,1,0
3,13,0,1,0
4,6,0,0,0
7,4,1,0,0
95,3,1,0,0
14,4,1,0,0
6,6,0,0,0
4,0,0,0,0
4,12,0,1,0
3,7,0,1,0
19,4,1,0,0
18,4,1,0,0
10,5,1,0,0
4,6,0,0,0
4,77,0,1,0
4,14,0,1,0
3,6,0,0,0
79,4,1,0,0
20,4,1,0,0
9,4,1,0,0
4,9,0,1,0
3,35,0,1,0
4,7,0,1,0
6,3,0,0,0
0,4,0,0,0
12,4,1,0,0
5,5,0,0,0
4,17,0,1,0
4,152,0,1,0
3,7,0,1,0
17,4,1,0,0
0,4,0,0,0
17,4,1,0,0
8,6,1,0,0
4,15,0,1,0
3,20,0,1,0
3,6,0,0,0
5,4,0,0,0
0,4,0,0,0
15,4,1,0,0
5,4,0,0,0
4,12,0,1,0
4,27,0,1,0
4,6,0,0,0
0,4,0,0,0
25,4,1,0,0
10,4,1,0,0
4,8,0,1,0
4,24,0,1,0
3,9,0,1,0
6,4,0,0,0
71,4,1,0,0
0,4,0,0,0
10,5,1,0,0
6,8,0,1,0
3,36,0,1,0
3,16,0,1,0
4,5,0,0,0
8,4,1,0,0
61,4,1,0,0
15,5,1,0,0
6,6,0,0,0
4,18,0,1,0
3,17,0,1,0
4,6,0,0,0
7,4,1,0,0
84,4,1,0,0
13,4,1,0,0
3,6,0,0,0
4,21,0,1,0
3,10,0,1,0
3,5,0,0,0
0,4,0,0,0
19,4,1,0,0
8,4,1,0,0
5,7,0,1,0
4,39,0,1,0
4,9,0,1,0
5,5,0,0,0
51,4,1,0,0
0,4,0,0,0
11,5,1,0,0
4,8,0,1,0
4,100,0,1,0
3,9,0,1,0
0,4,0,0,0
112,4,1,0,0
22,4,1,0,0
13,5,1,0,0
7,7,1,1,0
3,103,0,1,0
4,15,0,1,0
4,6,0,0,0
0,4,0,0,0
27,4,1,0,0
11,4,1,0,0
4,5,0,0,0
4,17,0,1,0
4,22,0,1,0
3,7,0,1,0
5,4,0,0,0
85,3,1,0,0
19,4,1,0,0
8,5,1,0,0
4,8,0,1,0
4,7,0,1,0
5,16,0,1,0
5,11,0,1,0
6,5,0,0,0
11,5,1,0,0
16,4,1,0,0
16,4,1,0,0
16,4,1,0,0
12,3,1,0,0
5,3,0,0,0
4,6,0,0,0
4,17,0,1,0
4,12,0,1,0
4,33,0,1,0
10,4,1,0,0
24,4,1,0,0
10,4,1,0,0
5,5,0,0,0
4,10,0,1,0
4,24,0,1,0
4,10,0,1,0
3,5,0,0,0
17,3,1,0,0
19,4,1,0,0
8,4,1,0,0
4,7,0,1,0
3,31,0,1,0
3,10,0,1,0
5,4,0,0,0
65,4,1,0,0
17,4,1,0,0
7,5,1,0,0
4,10,0,1,0
3,21,0,1,0
4,5,0,0,0
7,5,1,0,0
0,4,0,0,0
13,4,1,0,0
4,6,0,0,0
4,86,0,1,0
4,14,0,1,0
3,6,0,0,0
89,4,1,0,0
174,3,1,0,0
10,4,1,0,0
4,6,0,0,0
3,89,0,1,0
3,9,0,1,0
4,6,0,0,0
0,4,0,0,0
23,4,1,0,0
7,4,1,0,0
4,9,0,1,0
3,22,0,1,0
4,8,0,1,0
3,5,0,0,0
0,4,0,0,0
17,5,1,0,0
7,6,1,0,0
3,11,0,1,0
3,27,0,1,0
4,7,0,1,0
15,4,1,0,0
29,4,1,0,0
15,6,1,0,0
8,7,1,1,0
4,9,0,1,0
3,187,0,1,0
3,8,0,1,0
4,4,0,0,0
57,4,1,0,0
20,4,1,0,0
5,5,0,0,0
4,8,0,1,0
5,18,0,1,0
3,6,0,0,0
5,4,0,0,0
88,4,1,0,0
9,4,1,0,0
5,5,0,0,0
4,16,0,1,0
4,9,0,1,0
4,6,0,0,0
11,4,1,0,0
97,4,1,0,0
7,5,1,0,0
5,7,0,1,0
4,25,0,1,0
4,9,0,1,0
3,5,0,0,0
11,4,1,0,0
9,3,1,0,0
6,5,0,0,0
4,10,0,1,0
4,17,0,1,0
3,5,0,0,0
6,4,0,0,0
0,4,0,0,0
6,4,0,0,0
4,6,0,0,0
4,74,0,1,0
4,7,0,1,0
9,4,1,0,0
0,4,0,0,0
10,5,1,0,0
5,6,0,0,0
4,0,0,0,0
4,12,0,1,0
3,6,0,0,0
0,4,0,0,0
16,4,1,0,0
6,5,0,0,0
3,12,0,1,0
4,16,0,1,0
3,8,0,1,0
7,4,1,0,0
0,4,0,0,0
8,4,1,0,0
4,6,0,0,0
4,18,0,1,0
3,7,0,1,0
4,4,0,0,0
130,4,1,0,0
21,4,1,0,0
5,6,0,0,0
4,0,0,0,0
4,19,0,1,0
4,6,0,0,0
11,4,1,0,0
67,4,1,0,0
10,5,1,0,0
4,9,0,1,0
3,0,0,0,0
4,5,0,0,0
5,3,0,0,0
0,4,0,0,0
11,4,1,0,0
6,5,0,0,0
3,0,0,0,0
3,14,0,1,0
4,5,0,0,0
0,4,0,0,0
0,4,0,0,0
6,4,0,0,0
4,6,0,0,0
4,94,0,1,0
4,14,0,1,0
4,9,0,1,0
11,5,1,0,0
13,5,1,0,0
13,4,1,0,0
6,5,0,0,0
5,6,0,0,0
4,6,0,0,0
4,11,0,1,0
4,10,0,1,0
4,7,0,1,0
4,5,0,0,0
12,4,1,0,0
0,4,0,0,0
13,5,1,0,0
5,7,0,1,0
4,19,0,1,0
5,19,0,1,0
7,6,1,0,0
0,4,0,0,0
26,4,1,0,0
6,5,0,0,0
4,8,0,1,0
4,0,0,0,0
4,7,0,1,0
4,5,0,0,0
44,4,1,0,0
12,4,1,0,0
6,4,0,0,0
4,11,0,1,0
3,17,0,1,0
4,7,0,1,0
8,4,1,0,0
103,4,1,0,0
7,4,1,0,0
4,7,0,1,0
3,24,0,1,0
4,6,0,0,0
11,4,1,0,0
0,4,0,0,0
5,4,0,0,0
4,5,0,0,0
4,9,0,1,0
4,5,0,0,0
5,4,0,0,0
21,4,1,0,0
6,5,0,0,0
4,10,0,1,0
4,18,0,1,0
4,6,0,0,0
6,4,0,0,0
12,4,1,0,0
5,4,0,0,0
4,5,0,0,0
4,14,0,1,0
4,6,0,0,0
0,4,0,0,0
11,5,1,0,0
4,6,0,0,0
4,18,0,1,0
4,5,0,0,0
9,4,1,0,0
14,4,1,0,0
5,6,0,0,0
4,17,0,1,0
3,16,0,1,0
4,7,0,1,0
7,4,1,0,0
64,4,1,0,0
20,4,1,0,0
9,6,1,0,0
7,9,1,1,0
4,28,0,1,0
4,12,0,1,0
3,9,0,1,0
12,4,1,0,0
24,4,1,0,0
10,4,1,0,0
10,6,1,0,0
4,90,0,1,0
4,18,0,1,0
4,6,0,0,0
9,4,1,0,0
0,4,0,0,0
7,5,1,0,0
6,7,0,1,0
4,100,0,1,0
3,12,0,1,0
5,6,0,0,0
13,4,1,0,0
0,4,0,0,0
11,4,1,0,0
6,6,0,0,0
4,17,0,1,0
4,11,0,1,0
4,6,0,0,0
8,4,1,0,0
83,4,1,0,0
7,4,1,0,0
4,25,0,1,0
4,9,0,1,0
3,5,0,0,0
11,4,1,0,0
9,3,1,0,0
6,5,0,0,0
4,10,0,1,0
4,17,0,1,0
3,5,0,0,0
6,4,0,0,0
0,4,0,0,0
6,4,0,0,0
4,6,0,0,0
4,74,0,1,0
4,7,0,1,0
9,4,1,0,0
0,4,0,0,0
10,5,1,0,0
5,6,0,0,0
4,0,0,0,0
4,12,0,1,0
3,6,0,0,0
0,4,0,0,0
16,4,1,0,0
6,5,0,0,0
3,12,0,1,0
4,16,0,1,0
3,8,0,1,0
7,4,1,0,0
0,4,0,0,0
8,4,1,0,0
4,6,0,0,0
4,18,0,1,0
3,7,0,1,0
4,4,0,0,0
130,4,1,0,0
21,4,1,0,0
5,6,0,0,0
4,0,0,0,0
4,19,0,1,0
4,6,0,0,0
11,4,1,0,0
67,4,1,0,0
10,5,1,0,0
4,9,0,1,0
3,0,0,0,0
4,5,0,0,0
5,3,0,0,0
0,4,0,0,0
11,4,1,0,0
6,5,0,0,0
3,0,0,0,0
3,14,0,1,0
4,5,0,0,0
0,4,0,0,0
0,4,0,0,0
6,4,0,0,0
4,6,0,0,0
4,94,0,1,0
4,14,0,1,0
4,9,0,1,0
11,5,1,0,0
13,5,1,0,0
13,4,1,0,0
6,5,0,0,0
5,6,0,0,0
4,6,0,0,0
4,11,0,1,0
4,10,0,1,0
4,7,0,1,0
4,5,0,0,0
12,4,1,0,0
0,4,0,0,0
13,5,1,0,0
5,7,0,1,0
4,19,0,1,0
5,19,0,1,0
7,6,1,0,0
0,4,0,0,0
26,4,1,0,0
6,5,0,0,0
4,8,0,1,0
4,0,0,0,0
4,7,0,1,0
4,5,0,0,0
44,4,1,0,0
12,4,1,0,0
6,4,0,0,0
4,11,0,1,0
3,17,0,1,0
4,7,0,1,0
8,4,1,0,0
103,4,1,0,0
7,4,1,0,0
4,7,0,1,0
3,24,0,1,0
4,6,0,0,0
11,4,1,0,0
0,4,0,0,0
5,4,0,0,0
4,5,0,0,0
4,9,0,1,0
4,5,0,0,0
5,4,0,0,0
21,4,1,0,0
6,5,0,0,0
4,10,0,1,0
4,18,0,1,0
4,6,0,0,0
6,4,0,0,0
12,4,1,0,0
5,4,0,0,0
4,5,0,0,0
4,14,0,1,0
4,6,0,0,0
0,4,0,0,0
11,5,1,0,0
4,6,0,0,0
4,18,0,1,0
4,5,0,0,0
9,4,1,0,0
14,4,1,0,0
5,6,0,0,0
4,17,0,1,0
3,16,0,1,0
4,7,0,1,0
7,4,1,0,0
64,4,1,0,0
20,4,1,0,0
9,6,1,0,0
7,9,1,1,0
4,28,0,1,0
4,12,0,1,0
3,9,0,1,0
12,4,1,0,0
24,4,1,0,0
10,4,1,0,0
10,6,1,0,0
4,90,0,1,0
4,18,0,1,0
4,6,0,0,0
9,4,1,0,0
0,4,0,0,0
7,5,1,0,0
6,7,0,1,0
4,100,0,1,0
3,12,0,1,0
5,6,0,0,0
13,4,1,0,0
0,4,0,0,0
11,4,1,0,0
6,6,0,0,0
4,17,0,1,0
4,11,0,1,0
4,6,0,0,0
8,4,1,0,0
83,4,1,0,0
7,4,1,0,0
6,4,0,0,0
4,14,0,1,0
4,13,0,1,0
3,7,0,1,0
7,4,1,0,0
49,4,1,0,0
7,4,1,0,0
4,5,0,0,0
5,26,0,1,0
3,10,0,1,0
4,8,0,1,0
94,4,1,0,0
19,4,1,0,0
13,5,1,0,0
10,6,1,0,0
4,11,0,1,0
4,40,0,1,0
4,12,0,1,0
4,5,0,0,0
63,4,1,0,0
22,5,1,0,0
6,5,0,0,0
4,15,0,1,0
5,17,0,1,0
6,6,0,0,0
84,4,1,0,0
22,4,1,0,0
7,4,1,0,0
3,10,0,1,0
4,0,0,0,0
4,8,0,1,0
7,10,1,1,0
34,4,1,0,0
18,4,1,0,0
7,4,1,0,0
4,7,0,1,0
4,156,0,1,0
4,12,0,1,0
4,8,0,1,0
0,5,0,0,0
57,3,1,0,0
10,4,1,0,0
7,5,1,0,0
4,10,0,1,0
4,21,0,1,0
4,8,0,1,0
4,5,0,0,0
97,4,1,0,0
16,3,1,0,0
6,4,0,0,0
4,6,0,0,0
4,0,0,0,0
4,20,0,1,0
4,9,0,1,0
4,5,0,0,0
10,4,1,0,0
17,4,1,0,0
5,4,0,0,0
4,6,0,0,0
3,16,0,1,0
4,10,0,1,0
3,8,0,1,0
6,4,0,0,0
0,4,0,0,0
9,4,1,0,0
4,5,0,0,0
4,0,0,0,0
4,8,0,1,0
4,4,0,0,0
0,4,0,0,0
8,4,1,0,0
5,4,0,0,0
4,13,0,1,0
3,11,0,1,0
4,5,0,0,0
7,3,1,0,0
0,4,0,0,0
5,4,0,0,0
4,5,0,0,0
4,0,0,0,0
4,10,0,1,0
4,4,0,0,0
0,4,0,0,0
7,4,1,0,0
5,5,0,0,0
5,17,0,1,0
4,12,0,1,0
4,5,0,0,0
7,4,1,0,0
94,4,1,0,0
10,4,1,0,0
7,4,1,0,0
4,9,0,1,0
4,21,0,1,0
4,6,0,0,0
3,4,0,0,0
0,4,0,0,0
8,4,1,0,0
5,4,0,0,0
4,17,0,1,0
4,11,0,1,0
4,4,0,0,0
0,4,0,0,0
6,4,0,0,0
3,5,0,0,0
4,0,0,0,0
4,9,0,1,0
3,5,0,0,0
0,4,0,0,0
12,4,1,0,0
7,4,1,0,0
5,10,0,1,0
3,0,0,0,0
3,8,0,1,0
4,5,0,0,0
18,3,1,0,0
17,4,1,0,0
11,5,1,0,0
14,9,1,1,0
5,17,0,1,0
4,0,0,0,0
4,18,0,1,0
6,12,0,1,0
9,62,1,1,0
0,5,0,0,0
0,4,0,0,0
18,4,1,0,0
10,4,1,0,0
6,5,0,0,0
4,9,0,1,0
4,18,0,1,0
4,13,0,1,0
4,9,0,1,0
4,6,0,0,0
15,4,1,0,0
21,4,1,0,0
12,4,1,0,0
13,4,1,0,0
4,8,0,1,0
4,18,0,1,0
4,14,0,1,0
4,63,0,1,0
10,4,1,0,0
0,4,0,0,0
22,5,1,0,0
8,5,1,0,0
4,11,0,1,0
4,23,0,1,0
4,10,0,1,0
4,5,0,0,0
19,4,1,0,0
0,4,0,0,0
11,5,1,0,0
5,5,0,0,0
4,14,0,1,0
4,22,0,1,0
4,6,0,0,0
8,4,1,0,0
0,4,0,0,0
9,4,1,0,0
4,5,0,0,0
3,0,0,0,0
4,11,0,1,0
3,6,0,0,0
0,3,0,0,0
0,4,0,0,0
9,4,1,0,0
4,8,0,1,0
3,64,0,1,0
4,12,0,1,0
4,6,0,0,0
0,4,0,0,0
19,4,1,0,0
8,4,1,0,0
5,6,0,0,0
3,0,0,0,0
3,11,0,1,0
5,5,0,0,0
0,4,0,0,0
17,4,1,0,0
8,4,1,0,0
4,4,0,0,0
4,20,0,1,0
4,15,0,1,0
4,7,0,1,0
7,4,1,0,0
26,4,1,0,0
19,4,1,0,0
9,4,1,0,0
4,10,0,1,0
4,22,0,1,0
3,11,0,1,0
3,6,0,0,0
44,4,1,0,0
27,4,1,0,0
12,5,1,0,0
6,6,0,0,0
5,13,0,1,0
4,24,0,1,0
4,9,0,1,0
4,8,0,1,0
16,4,1,0,0
158,4,1,0,0
8,5,1,0,0
5,6,0,0,0
3,13,0,1,0
3,21,0,1,0
3,7,0,1,0
5,4,0,0,0
0,4,0,0,0
13,5,1,0,0
10,6,1,0,0
4,10,0,1,0
3,20,0,1,0
3,15,0,1,0
4,10,0,1,0
4,5,0,0,0
19,4,1,0,0
23,4,1,0,0
42,4,1,0,0
9,3,1,0,0
4,5,0,0,0
4,9,0,1,0
4,11,0,1,0
3,10,0,1,0
4,6,0,0,0
4,4,0,0,0
11,4,1,0,0
15,4,1,0,0
8,4,1,0,0
5,5,0,0,0
5,0,0,0,0
4,14,0,1,0
4,7,0,1,0
4,4,0,0,0
18,4,1,0,0
11,4,1,0,0
6,5,0,0,0
5,9,0,1,0
3,14,0,1,0
4,7,0,1,0
4,4,0,0,0
0,4,0,0,0
15,3,1,0,0
8,4,1,0,0
4,8,0,1,0
4,22,0,1,0
3,12,0,1,0
3,6,0,0,0
6,4,0,0,0
21,4,1,0,0
17,4,1,0,0
7,4,1,0,0
4,12,0,1,0
4,19,0,1,0
4,7,0,1,0
6,4,0,0,0
0,4,0,0,0
16,3,1,0,0
8,3,1,0,0
4,7,0,1,0
3,21,0,1,0
3,8,0,1,0
4,4,0,0,0
0,4,0,0,0
25,4,1,0,0
6,5,0,0,0
5,12,0,1,0
4,27,0,1,0
4,6,0,0,0
8,4,1,0,0
26,4,1,0,0
14,4,1,0,0
6,4,0,0,0
4,8,0,1,0
4,21,0,1,0
4,9,0,1,0
3,5,0,0,0
20,4,1,0,0
20,4,1,0,0
16,4,1,0,0
10,5,1,0,0
4,10,0,1,0
3,25,0,1,0
4,10,0,1,0
3,5,0,0,0
20,3,1,0,0
19,4,1,0,0
11,3,1,0,0
5,6,0,0,0
4,35,0,1,0
4,21,0,1,0
3,5,0,0,0
12,4,1,0,0
29,3,1,0,0
13,4,1,0,0
10,5,1,0,0
4,12,0,1,0
3,146,0,1,0
3,11,0,1,0
3,5,0,0,0
14,4,1,0,0
0,4,0,0,0
13,4,1,0,0
6,6,0,0,0
4,16,0,1,0
4,24,0,1,0
3,7,0,1,0
3,4,0,0,0
0,4,0,0,0
24,4,1,0,0
12,4,1,0,0
4,5,0,0,0
4,16,0,1,0
3,23,0,1,0
3,6,0,0,0
7,4,1,0,0
32,4,1,0,0
14,4,1,0,0
6,6,0,0,0
4,144,0,1,0
4,15,0,1,0
4,5,0,0,0
0,4,0,0,0
26,4,1,0,0
12,5,1,0,0
7,7,1,1,0
4,32,0,1,0
4,21,0,1,0
4,9,0,1,0
20,6,1,0,0
75,4,1,0,0
22,4,1,0,0
13,6,1,0,0
5,10,0,1,0
3,0,0,0,0
3,21,0,1,0
6,6,0,0,0
44,4,1,0,0
0,4,0,0,0
13,4,1,0,0
7,6,1,0,0
4,12,0,1,0
4,0,0,0,0
4,8,0,1,0
6,5,0,0,0
100,4,1,0,0
23,4,1,0,0
13,4,1,0,0
5,7,0,1,0
3,118,0,1,0
3,17,0,1,0
4,8,0,1,0
10,4,1,0,0
27,4,1,0,0
15,4,1,0,0
10,5,1,0,0
5,12,0,1,0
4,154,0,1,0
3,10,0,1,0
5,5,0,0,0
0,4,0,0,0
20,4,1,0,0
10,4,1,0,0
5,7,0,1,0
3,0,0,0,0
3,15,0,1,0
3,7,0,1,0
5,4,0,0,0
78,3,1,0,0
21,4,1,0,0
8,6,1,0,0
3,10,0,1,0
4,101,0,1,0
3,14,0,1,0
3,7,0,1,0
11,4,1,0,0
85,3,1,0,0
14,4,1,0,0
5,5,0,0,0
4,12,0,1,0
4,17,0,1,0
4,7,0,1,0
3,4,0,0,0
96,4,1,0,0
18,4,1,0,0
8,5,1,0,0
4,11,0,1,0
4,20,0,1,0
4,8,0,1,0
4,6,0,0,0
16,4,1,0,0
0,4,0,0,0
7,4,1,0,0
4,8,0,1,0
4,20,0,1,0
3,7,0,1,0
4,4,0,0,0
0,4,0,0,0
16,3,1,0,0
7,5,1,0,0
4,9,0,1,0
4,20,0,1,0
4,14,0,1,0
4,6,0,0,0
8,4,1,0,0
95,3,1,0,0
9,4,1,0,0
4,7,0,1,0
4,22,0,1,0
3,12,0,1,0
4,4,0,0,0
10,4,1,0,0
21,4,1,0,0
9,4,1,0,0
5,4,0,0,0
4,7,0,1,0
3,11,0,1,0
3,5,0,0,0
4,4,0,0,0
19,4,1,0,0
8,4,1,0,0
4,5,0,0,0
4,17,0,1,0
4,12,0,1,0
3,6,0,0,0
10,4,1,0,0
0,4,0,0,0
7,4,1,0,0
4,6,0,0,0
4,0,0,0,0
4,10,0,1,0
5,5,0,0,0
0,4,0,0,0
12,4,1,0,0
7,5,1,0,0
4,16,0,1,0
4,15,0,1,0
3,6,0,0,0
7,4,1,0,0
0,4,0,0,0
11,5,1,0,0
5,7,0,1,0
4,169,0,1,0
4,13,0,1,0
4,7,0,1,0
11,4,1,0,0
0,4,0,0,0
12,4,1,0,0
6,5,0,0,0
4,15,0,1,0
4,18,0,1,0
4,7,0,1,0
3,3,0,0,0
16,4,1,0,0
14,4,1,0,0
10,4,1,0,0
3,5,0,0,0
4,13,0,1,0
3,12,0,1,0
4,5,0,0,0
0,4,0,0,0
21,4,1,0,0
8,4,1,0,0
4,7,0,1,0
3,22,0,1,0
3,12,0,1,0
4,5,0,0,0
8,4,1,0,0
12,3,1,0,0
16,4,1,0,0
10,4,1,0,0
5,4,0,0,0
4,7,0,1,0
5,7,0,1,0
4,4,0,0,0
7,4,1,0,0
14,4,1,0,0
10,4,1,0,0
5,3,0,0,0
3,6,0,0,0
3,16,0,1,0
4,7,0,1,0
4,5,0,0,0
0,4,0,0,0
23,3,1,0,0
11,4,1,0,0
5,5,0,0,0
4,11,0,1,0
4,20,0,1,0
4,7,0,1,0
4,4,0,0,0
17,4,1,0,0
16,4,1,0,0
8,5,1,0,0
4,7,0,1,0
4,21,0,1,0
4,8,0,1,0
4,4,0,0,0
20,4,1,0,0
18,4,1,0,0
7,4,1,0,0
4,11,0,1,0
3,15,0,1,0
4,7,0,1,0
3,4,0,0,0
0,4,0,0,0
17,4,1,0,0
12,4,1,0,0
12,6,1,0,0
9,10,1,1,0
5,50,0,1,0
4,19,0,1,0
4,7,0,1,0
5,4,0,0,0
0,4,0,0,0
12,4,1,0,0
9,5,1,0,0
9,8,1,1,0
3,0,0,0,0
3,20,0,1,0
4,7,0,1,0
9,5,1,0,0
87,4,1,0,0
14,4,1,0,0
9,6,1,0,0
4,10,0,1,0
4,43,0,1,0
4,13,0,1,0
4,8,0,1,0
14,4,1,0,0
0,4,0,0,0
10,4,1,0,0
6,6,0,0,0
4,14,0,1,0
3,25,0,1,0
3,7,0,1,0
6,5,0,0,0
0,4,0,0,0
14,4,1,0,0
9,5,1,0,0
4,10,0,1,0
4,23,0,1,0
3,10,0,1,0
4,22,0,1,0
8,4,1,0,0
8,3,1,0,0
9,4,1,0,0
4,6,0,0,0
4,19,0,1,0
4,12,0,1,0
4,7,0,1,0
6,4,0,0,0
27,4,1,0,0
14,4,1,0,0
5,7,0,1,0
4,50,0,1,0
4,13,0,1,0
4,7,0,1,0
8,4,1,0,0
23,4,1,0,0
15,5,1,0,0
13,8,1,1,0
4,128,0,1,0
4,123,0,1,0
3,7,0,1,0
5,4,0,0,0
0,4,0,0,0
13,5,1,0,0
8,6,1,0,0
4,33,0,1,0
4,21,0,1,0
4,6,0,0,0
9,4,1,0,0
167,4,1,0,0
8,4,1,0,0
4,7,0,1,0
4,89,0,1,0
4,11,0,1,0
3,5,0,0,0
0,4,0,0,0
16,4,1,0,0
8,5,1,0,0
4,10,0,1,0
4,24,0,1,0
3,7,0,1,0
4,4,0,0,0
85,3,1,0,0
19,4,1,0,0
6,6,0,0,0
4,18,0,1,0
4,15,0,1,0
3,9,0,1,0
8,4,1,0,0
25,4,1,0,0
9,4,1,0,0
4,7,0,1,0
4,25,0,1,0
4,9,0,1,0
3,5,0,0,0
0,4,0,0,0
15,4,1,0,0
6,5,0,0,0
3,14,0,1,0
3,13,0,1,0
4,7,0,1,0
12,4,1,0,0
22,4,1,0,0
5,5,0,0,0
4,8,0,1,0
3,151,0,1,0
3,10,0,1,0
4,5,0,0,0
0,3,0,0,0
9,4,1,0,0
5,5,0,0,0
3,16,0,1,0
4,13,0,1,0
3,6,0,0,0
10,4,1,0,0
19,4,1,0,0
6,5,0,0,0
4,11,0,1,0
3,17,0,1,0
4,7,0,1,0
5,5,0,0,0
0,4,0,0,0
5,4,0,0,0
4,12,0,1,0
3,12,0,1,0
3,9,0,1,0
7,5,1,0,0
6,4,0,0,0
4,12,0,1,0
4,13,0,1,0
3,7,0,1,0
6,4,0,0,0
18,4,1,0,0
8,4,1,0,0
5,4,0,0,0
4,5,0,0,0
4,14,0,1,0
4,12,0,1,0
3,5,0,0,0
11,4,1,0,0
0,4,0,0,0
14,5,1,0,0
10,7,1,1,0
3,17,0,1,0
4,18,0,1,0
3,9,0,1,0
4,6,0,0,0
9,3,1,0,0
8,4,1,0,0
11,4,1,0,0
8,4,1,0,0
9,5,1,0,0
4,7,0,1,0
4,6,0,0,0
4,4,0,0,0
8,4,1,0,0
7,4,1,0,0
4,4,0,0,0
4,10,0,1,0
4,13,0,1,0
4,5,0,0,0
4,4,0,0,0
15,4,1,0,0
8,4,1,0,0
4,4,0,0,0
4,10,0,1,0
4,10,0,1,0
4,5,0,0,0
7,4,1,0,0
22,4,1,0,0
15,4,1,0,0
4,5,0,0,0
5,17,0,1,0
4,20,0,1,0
4,8,0,1,0
0,5,0,0,0
0,4,0,0,0
15,4,1,0,0
8,4,1,0,0
4,7,0,1,0
4,23,0,1,0
4,11,0,1,0
5,7,0,1,0
0,4,0,0,0
0,4,0,0,0
7,5,1,0,0
4,7,0,1,0
4,81,0,1,0
4,7,0,1,0
4,4,0,0,0
0,4,0,0,0
13,4,1,0,0
5,6,0,0,0
4,17,0,1,0
4,14,0,1,0
4,6,0,0,0
13,4,1,0,0
0,4,0,0,0
8,4,1,0,0
4,7,0,1,0
3,0,0,0,0
4,7,0,1,0
4,4,0,0,0
0,4,0,0,0
8,4,1,0,0
6,5,0,0,0
4,16,0,1,0
3,9,0,1,0
4,6,0,0,0
0,4,0,0,0
26,4,1,0,0
17,4,1,0,0
8,7,1,1,0
4,49,0,1,0
3,25,0,1,0
4,8,0,1,0
5,4,0,0,0
0,4,0,0,0
18,3,1,0,0
16,4,1,0,0
14,6,1,0,0
5,12,0,1,0
4,0,0,0,0
4,8,0,1,0
19,4,1,0,0
0,4,0,0,0
13,4,1,0,0
6,5,0,0,0
4,12,0,1,0
4,15,0,1,0
3,5,0,0,0
11,3,1,0,0
173,4,1,0,0
6,4,0,0,0
4,6,0,0,0
4,22,0,1,0
4,6,0,0,0
8,4,1,0,0
123,4,1,0,0
14,4,1,0,0
6,6,0,0,0
3,66,0,1,0
3,17,0,1,0
4,6,0,0,0
16,4,1,0,0
0,4,0,0,0
12,4,1,0,0
5,6,0,0,0
4,0,0,0,0
4,13,0,1,0
4,60,0,1,0
10,4,1,0,0
62,4,1,0,0
11,4,1,0,0
4,6,0,0,0
4,123,0,1,0
4,11,0,1,0
4,5,0,0,0
0,4,0,0,0
25,4,1,0,0
7,4,1,0,0
4,7,0,1,0
3,25,0,1,0
4,7,0,1,0
0,4,0,0,0
0,4,0,0,0
10,5,1,0,0
4,7,0,1,0
4,19,0,1,0
3,18,0,1,0
4,8,0,1,0
5,6,0,0,0
0,4,0,0,0
24,4,1,0,0
10,4,1,0,0
5,5,0,0,0
4,15,0,1,0
3,14,0,1,0
4,61,0,1,0
8,4,1,0,0
0,4,0,0,0
19,4,1,0,0
14,5,1,0,0
10,9,1,1,0
4,147,0,1,0
3,20,0,1,0
3,5,0,0,0
8,4,1,0,0
0,4,0,0,0
19,3,1,0,0
14,4,1,0,0
7,6,1,0,0
4,15,0,1,0
4,19,0,1,0
4,6,0,0,0
5,4,0,0,0
97,4,1,0,0
19,4,1,0,0
16,4,1,0,0
11,7,1,1,0
6,10,0,1,0
4,44,0,1,0
4,22,0,1,0
4,7,0,1,0
0,4,0,0,0
108,3,1,0,0
18,4,1,0,0
15,6,1,0,0
4,8,0,1,0
4,52,0,1,0
4,0,0,0,0
5,9,0,1,0
6,5,0,0,0
16,4,1,0,0
7,4,1,0,0
4,3,0,0,0
4,4,0,0,0
4,10,0,1,0
4,11,0,1,0
4,6,0,0,0
5,4,0,0,0
10,4,1,0,0
15,4,1,0,0
13,4,1,0,0
5,4,0,0,0
5,6,0,0,0
4,20,0,1,0
3,8,0,1,0
5,4,0,0,0
0,4,0,0,0
20,4,1,0,0
12,4,1,0,0
5,6,0,0,0
4,17,0,1,0
4,17,0,1,0
3,7,0,1,0
7,4,1,0,0
0,4,0,0,0
17,4,1,0,0
14,5,1,0,0
5,11,0,1,0
4,0,0,0,0
3,9,0,1,0
3,8,0,1,0
7,4,1,0,0
0,4,0,0,0
21,4,1,0,0
13,4,1,0,0
6,6,0,0,0
3,181,0,1,0
3,15,0,1,0
4,7,0,1,0
21,4,1,0,0
0,3,0,0,0
20,4,1,0,0
10,4,1,0,0
6,8,0,1,0
4,0,0,0,0
3,15,0,1,0
4,8,0,1,0
9,4,1,0,0
0,4,0,0,0
26,4,1,0,0
11,6,1,0,0
4,11,0,1,0
3,156,0,1,0
4,9,0,1,0
18,4,1,0,0
0,3,0,0,0
21,4,1,0,0
14,5,1,0,0
7,7,1,1,0
4,18,0,1,0
4,15,0,1,0
4,6,0,0,0
0,4,0,0,0
18,4,1,0,0
16,4,1,0,0
6,6,0,0,0
4,12,0,1,0
4,0,0,0,0
4,8,0,1,0
7,4,1,0,0
0,4,0,0,0
18,4,1,0,0
8,4,1,0,0
4,8,0,1,0
4,26,0,1,0
3,7,0,1,0
4,4,0,0,0
0,4,0,0,0
20,4,1,0,0
11,5,1,0,0
4,9,0,1,0
4,0,0,0,0
4,8,0,1,0
3,5,0,0,0
0,4,0,0,0
20,4,1,0,0
12,5,1,0,0
8,7,1,1,0
4,0,0,0,0
4,24,0,1,0
4,7,0,1,0
0,3,0,0,0
25,4,1,0,0
8,4,1,0,0
3,7,0,1,0
4,0,0,0,0
3,20,0,1,0
6,5,0,0,0
12,4,1,0,0
0,4,0,0,0
16,7,1,1,0
6,11,0,1,0
4,0,0,0,0
4,17,0,1,0
4,7,0,1,0
0,4,0,0,0
26,5,1,0,0
9,5,1,0,0
4,9,0,1,0
4,169,0,1,0
4,11,0,1,0
4,5,0,0,0
0,4,0,0,0
23,4,1,0,0
8,4,1,0,0
4,8,0,1,0
4,0,0,0,0
4,11,0,1,0
5,5,0,0,0
0,3,0,0,0
23,4,1,0,0
8,4,1,0,0
4,8,0,1,0
3,0,0,0,0
4,14,0,1,0
8,7,1,1,0
0,4,0,0,0
25,4,1,0,0
15,5,1,0,0
7,6,1,0,0
4,12,0,1,0
4,27,0,1,0
6,7,0,1,0
10,3,1,0,0
0,3,0,0,0
13,4,1,0,0
7,4,1,0,0
4,9,0,1,0
4,23,0,1,0
4,15,0,1,0
4,16,0,1,0
5,5,0,0,0
5,3,0,0,0
0,3,0,0,0
8,4,1,0,0
7,4,1,0,0
4,9,0,1,0
5,16,0,1,0
5,9,0,1,0
5,4,0,0,0
0,4,0,0,0
22,4,1,0,0
6,4,0,0,0
4,12,0,1,0
5,26,0,1,0
4,7,0,1,0
5,4,0,0,0
0,4,0,0,0
8,4,1,0,0
5,5,0,0,0
4,18,0,1,0
4,17,0,1,0
3,5,0,0,0
0,4,0,0,0
22,4,1,0,0
7,4,1,0,0
5,8,0,1,0
3,26,0,1,0
4,9,0,1,0
12,4,1,0,0
0,4,0,0,0
11,4,1,0,0
5,5,0,0,0
4,34,0,1,0
4,20,0,1,0
6,7,0,1,0
26,4,1,0,0
0,4,0,0,0
13,5,1,0,0
6,6,0,0,0
4,19,0,1,0
3,22,0,1,0
5,8,0,1,0
16,3,1,0,0
0,3,0,0,0
14,4,1,0,0
5,5,0,0,0
4,14,0,1,0
4,19,0,1,0
4,8,0,1,0
7,4,1,0,0
0,3,0,0,0
19,4,1,0,0
14,5,1,0,0
6,6,0,0,0
3,17,0,1,0
4,19,0,1,0
11,5,1,0,0
14,4,1,0,0
0,3,0,0,0
11,4,1,0,0
5,7,0,1,0
4,37,0,1,0
3,19,0,1,0
4,5,0,0,0
9,4,1,0,0
0,3,0,0,0
9,4,1,0,0
4,6,0,0,0
3,0,0,0,0
3,7,0,1,0
4,4,0,0,0
0,4,0,0,0
6,4,0,0,0
4,5,0,0,0
4,18,0,1,0
4,13,0,1,0
4,6,0,0,0
5,4,0,0,0
0,4,0,0,0
16,4,1,0,0
5,5,0,0,0
4,7,0,1,0
4,17,0,1,0
4,6,0,0,0
4,4,0,0,0
64,4,1,0,0
8,5,1,0,0
4,8,0,1,0
4,7,0,1,0
5,16,0,1,0
5,11,0,1,0
6,5,0,0,0
11,5,1,0,0
16,4,1,0,0
16,4,1,0,0
16,4,1,0,0
12,3,1,0,0
5,3,0,0,0
4,6,0,0,0
4,17,0,1,0
4,12,0,1,0
4,33,0,1,0
10,4,1,0,0
24,4,1,0,0
10,4,1,0,0
5,5,0,0,0
4,10,0,1,0
4,24,0,1,0
4,10,0,1,0
3,5,0,0,0
17,3,1,0,0
19,4,1,0,0
8,4,1,0,0
4,7,0,1,0
3,31,0,1,0
3,10,0,1,0
5,4,0,0,0
65,4,1,0,0
17,4,1,0,0
7,5,1,0,0
4,10,0,1,0
3,21,0,1,0
4,5,0,0,0
7,5,1,0,0
0,4,0,0,0
13,4,1,0,0
4,6,0,0,0
4,86,0,1,0
4,14,0,1,0
3,6,0,0,0
89,4,1,0,0
174,3,1,0,0
10,4,1,0,0
4,6,0,0,0
3,89,0,1,0
3,9,0,1,0
4,6,0,0,0
0,4,0,0,0
23,4,1,0,0
7,4,1,0,0
4,9,0,1,0
3,22,0,1,0
4,8,0,1,0
3,5,0,0,0
0,4,0,0,0
17,5,1,0,0
7,6,1,0,0
3,11,0,1,0
3,27,0,1,0
4,7,0,1,0
15,4,1,0,0
29,4,1,0,0
15,6,1,0,0
8,7,1,1,0
4,9,0,1,0
3,187,0,1,0
3,8,0,1,0
4,4,0,0,0
57,4,1,0,0
20,4,1,0,0
5,5,0,0,0
4,8,0,1,0
5,18,0,1,0
3,6,0,0,0
5,4,0,0,0
88,4,1,0,0
9,4,1,0,0
5,5,0,0,0
4,16,0,1,0
4,9,0,1,0
4,6,0,0,0
11,4,1,0,0
97,4,1,0,0
7,5,1,0,0
5,7,0,1,0
4,25,0,1,0
4,9,0,1,0
3,5,0,0,0
11,4,1,0,0
9,3,1,0,0
6,5,0,0,0
4,10,0,1,0
4,17,0,1,0
3,5,0,0,0
6,4,0,0,0
0,4,0,0,0
6,4,0,0,0
4,6,0,0,0
4,74,0,1,0
4,7,0,1,0
9,4,1,0,0
0,4,0,0,0
10,5,1,0,0
5,6,0,0,0
4,0,0,0,0
4,12,0,1,0
3,6,0,0,0
0,4,0,0,0
16,4,1,0,0
6,5,0,0,0
3,12,0,1,0
4,16,0,1,0
3,8,0,1,0
7,4,1,0,0
0,4,0,0,0
8,4,1,0,0
4,6,0,0,0
4,18,0,1,0
3,7,0,1,0
4,4,0,0,0
130,4,1,0,0
21,4,1,0,0
5,6,0,0,0
4,0,0,0,0
4,19,0,1,0
4,6,0,0,0
11,4,1,0,0
67,4,1,0,0
10,5,1,0,0
4,9,0,1,0
3,0,0,0,0
4,5,0,0,0
5,3,0,0,0
0,4,0,0,0
11,4,1,0,0
6,5,0,0,0
3,0,0,0,0
3,14,0,1,0
4,5,0,0,0
0,4,0,0,0
0,4,0,0,0
6,4,0,0,0
4,6,0,0,0
4,94,0,1,0
4,14,0,1,0
4,9,0,1,0
11,5,1,0,0
13,5,1,0,0
13,4,1,0,0
6,5,0,0,0
5,6,0,0,0
4,6,0,0,0
4,11,0,1,0
4,10,0,1,0
4,7,0,1,0
4,5,0,0,0
12,4,1,0,0
0,4,0,0,0
13,5,1,0,0
5,7,0,1,0
4,19,0,1,0
5,19,0,1,0
7,6,1,0,0
0,4,0,0,0
26,4,1,0,0
6,5,0,0,0
4,8,0,1,0
4,0,0,0,0
4,7,0,1,0
4,5,0,0,0
44,4,1,0,0
12,4,1,0,0
6,4,0,0,0
4,11,0,1,0
3,17,0,1,0
4,7,0,1,0
8,4,1,0,0
103,4,1,0,0
7,4,1,0,0
4,7,0,1,0
3,24,0,1,0
4,6,0,0,0
11,4,1,0,0
0,4,0,0,0
5,4,0,0,0
4,5,0,0,0
4,9,0,1,0
4,5,0,0,0
5,4,0,0,0
21,4,1,0,0
6,5,0,0,0
4,10,0,1,0
4,18,0,1,0
4,6,0,0,0
6,4,0,0,0
12,4,1,0,0
5,4,0,0,0
4,5,0,0,0
4,14,0,1,0
4,6,0,0,0
0,4,0,0,0
11,5,1,0,0
4,6,0,0,0
4,18,0,1,0
4,5,0,0,0
9,4,1,0,0
14,4,1,0,0
5,6,0,0,0
4,17,0,1,0
3,16,0,1,0
4,7,0,1,0
7,4,1,0,0
64,4,1,0,0
20,4,1,0,0
9,6,1,0,0
7,9,1,1,0
4,28,0,1,0
4,12,0,1,0
3,9,0,1,0
12,4,1,0,0
24,4,1,0,0
10,4,1,0,0
10,6,1,0,0
4,90,0,1,0
4,18,0,1,0
4,6,0,0,0
9,4,1,0,0
0,4,0,0,0
7,5,1,0,0
6,7,0,1,0
4,100,0,1,0
3,12,0,1,0
5,6,0,0,0
13,4,1,0,0
0,4,0,0,0
11,4,1,0,0
6,6,0,0,0
4,17,0,1,0
4,11,0,1,0
4,6,0,0,0
8,4,1,0,0
83,4,1,0,0
7,4,1,0,0
6,4,0,0,0
4,14,0,1,0
4,13,0,1,0
3,7,0,1,0
7,4,1,0,0
49,4,1,0,0
7,4,1,0,0
4,5,0,0,0
5,26,0,1,0
3,10,0,1,0
4,8,0,1,0
94,4,1,0,0
19,4,1,0,0
13,5,1,0,0
10,6,1,0,0
4,11,0,1,0
4,40,0,1,0
4,12,0,1,0
4,5,0,0,0
63,4,1,0,0
22,5,1,0,0
6,5,0,0,0
4,15,0,1,0
5,17,0,1,0
6,6,0,0,0
84,4,1,0,0
22,4,1,0,0
7,4,1,0,0
3,10,0,1,0
4,0,0,0,0
4,8,0,1,0
7,10,1,1,0
34,4,1,0,0
18,4,1,0,0
7,4,1,0,0
4,7,0,1,0
4,156,0,1,0
4,12,0,1,0
4,8,0,1,0
0,5,0,0,0
57,3,1,0,0
10,4,1,0,0
7,5,1,0,0
4,10,0,1,0
4,21,0,1,0
4,8,0,1,0
4,5,0,0,0
97,4,1,0,0
16,3,1,0,0
6,4,0,0,0
4,6,0,0,0
4,0,0,0,0
4,20,0,1,0
4,9,0,1,0
4,5,0,0,0
10,4,1,0,0
17,4,1,0,0
5,4,0,0,0
4,6,0,0,0
3,16,0,1,0
4,10,0,1,0
3,8,0,1,0
6,4,0,0,0
0,4,0,0,0
9,4,1,0,0
4,5,0,0,0
4,0,0,0,0
4,8,0,1,0
4,4,0,0,0
0,4,0,0,0
8,4,1,0,0
5,4,0,0,0
4,13,0,1,0
3,11,0,1,0
4,5,0,0,0
7,3,1,0,0
0,4,0,0,0
5,4,0,0,0
4,5,0,0,0
4,0,0,0,0
4,10,0,1,0
4,4,0,0,0
0,4,0,0,0
7,4,1,0,0
5,5,0,0,0
5,17,0,1,0
4,12,0,1,0
4,5,0,0,0
7,4,1,0,0
94,4,1,0,0
10,4,1,0,0
7,4,1,0,0
4,9,0,1,0
4,21,0,1,0
4,6,0,0,0
3,4,0,0,0
0,4,0,0,0
8,4,1,0,0
5,4,0,0,0
4,17,0,1,0
4,11,0,1,0
4,4,0,0,0
0,4,0,0,0
6,4,0,0,0
3,5,0,0,0
4,0,0,0,0
4,9,0,1,0
3,5,0,0,0
0,4,0,0,0
12,4,1,0,0
7,4,1,0,0
5,10,0,1,0
3,0,0,0,0
3,8,0,1,0
4,5,0,0,0
18,3,1,0,0
17,4,1,0,0
11,5,1,0,0
14,9,1,1,0
5,17,0,1,0
4,0,0,0,0
4,18,0,1,0
6,12,0,1,0
9,62,1,1,0
0,5,0,0,0
0,4,0,0,0
18,4,1,0,0
10,4,1,0,0
6,5,0,0,0
4,9,0,1,0
4,18,0,1,0
4,13,0,1,0
4,9,0,1,0
4,6,0,0,0
15,4,1,0,0
21,4,1,0,0
12,4,1,0,0
13,4,1,0,0
4,8,0,1,0
4,18,0,1,0
4,14,0,1,0
4,63,0,1,0
10,4,1,0,0
0,4,0,0,0
22,5,1,0,0
8,5,1,0,0
4,11,0,1,0
4,23,0,1,0
4,10,0,1,0
4,5,0,0,0
19,4,1,0,0
0,4,0,0,0
11,5,1,0,0
5,5,0,0,0
4,7,0,1,0
13,4,1,0,0
19,4,1,0,0
7,4,1,0,0
5,5,0,0,0
3,15,0,1,0
3,14,0,1,0
4,6,0,0,0
0,4,0,0,0
16,4,1,0,0
7,5,1,0,0
5,10,0,1,0
4,19,0,1,0
4,8,0,1,0
4,5,0,0,0
0,4,0,0,0
12,5,1,0,0
7,6,1,0,0
4,122,0,1,0
3,15,0,1,0
4,8,0,1,0
0,4,0,0,0
23,4,1,0,0
13,4,1,0,0
12,4,1,0,0
5,7,0,1,0
5,22,0,1,0
4,11,0,1,0
4,9,0,1,0
5,10,0,1,0
8,5,1,0,0
21,4,1,0,0
23,5,1,0,0
8,5,1,0,0
8,4,1,0,0
5,4,0,0,0
5,6,0,0,0
4,7,0,1,0
3,5,0,0,0
9,4,1,0,0
7,4,1,0,0
9,4,1,0,0
5,4,0,0,0
5,4,0,0,0
3,7,0,1,0
4,7,0,1,0
3,5,0,0,0
18,3,1,0,0
10,4,1,0,0
6,4,0,0,0
5,5,0,0,0
4,8,0,1,0
4,8,0,1,0
4,4,0,0,0
6,4,0,0,0
8,4,1,0,0
7,4,1,0,0
4,5,0,0,0
4,12,0,1,0
4,7,0,1,0
4,6,0,0,0
5,5,0,0,0
7,4,1,0,0
16,4,1,0,0
4,4,0,0,0
4,7,0,1,0
4,10,0,1,0
3,6,0,0,0
14,4,1,0,0
17,4,1,0,0
5,4,0,0,0
4,5,0,0,0
4,12,0,1,0
4,5,0,0,0
19,4,1,0,0
12,3,1,0,0
5,4,0,0,0
4,6,0,0,0
4,12,0,1,0
3,6,0,0,0
10,3,1,0,0
18,4,1,0,0
5,4,0,0,0
4,8,0,1,0
4,10,0,1,0
4,5,0,0,0
3,4,0,0,0
12,4,1,0,0
5,4,0,0,0
4,4,0,0,0
4,7,0,1,0
4,7,0,1,0
4,6,0,0,0
7,4,1,0,0
11,4,1,0,0
4,4,0,0,0
4,5,0,0,0
3,14,0,1,0
3,5,0,0,0
6,4,0,0,0
11,4,1,0,0
5,4,0,0,0
4,5,0,0,0
3,13,0,1,0
3,5,0,0,0
19,4,1,0,0
10,4,1,0,0
4,4,0,0,0
4,12,0,1,0
3,5,0,0,0
13,4,1,0,0
5,4,0,0,0
5,4,0,0,0
3,10,0,1,0
3,8,0,1,0
4,5,0,0,0
11,4,1,0,0
6,4,0,0,0
5,4,0,0,0
3,8,0,1,0
4,4,0,0,0
8,4,1,0,0
6,4,0,0,0
5,5,0,0,0
4,9,0,1,0
4,5,0,0,0
7,4,1,0,0
13,4,1,0,0
14,4,1,0,0
12,7,1,1,0
5,12,0,1,0
4,157,0,1,0
4,5,0,0,0
4,4,0,0,0
13,4,1,0,0
6,4,0,0,0
4,4,0,0,0
4,13,0,1,0
4,6,0,0,0
4,4,0,0,0
15,4,1,0,0
11,4,1,0,0
7,4,1,0,0
4,10,0,1,0
4,16,0,1,0
3,6,0,0,0
10,4,1,0,0
0,3,0,0,0
14,4,1,0,0
14,5,1,0,0
6,9,0,1,0
4,0,0,0,0
3,13,0,1,0
3,7,0,1,0
13,4,1,0,0
22,4,1,0,0
9,4,1,0,0
9,6,1,0,0
4,12,0,1,0
4,19,0,1,0
3,7,0,1,0
6,4,0,0,0
17,4,1,0,0
7,4,1,0,0
3,5,0,0,0
4,156,0,1,0
4,7,0,1,0
4,4,0,0,0
0,4,0,0,0
8,4,1,0,0
5,4,0,0,0
4,15,0,1,0
4,6,0,0,0
4,4,0,0,0
11,4,1,0,0
9,4,1,0,0
6,4,0,0,0
5,5,0,0,0
4,17,0,1,0
4,6,0,0,0
4,4,0,0,0
0,4,0,0,0
4,4,0,0,0
5,4,0,0,0
4,0,0,0,0
4,4,0,0,0
6,4,0,0,0
0,4,0,0,0
5,4,0,0,0
4,8,0,1,0
4,16,0,1,0
